Ticker,Company Name,CEO Name,Start Date,End Date,Source,Validation URL
AAMI,Acadian Asset Management Inc.,Guang Yang,,2020-04-15,8-K,https://www.sec.gov/Archives/edgar/data/1748824/000174882420000014/bsig-form8xkxranaceoap.htm
AAMI,Acadian Asset Management Inc.,Suren Rana,2020-04-15,2024-12-31,8-K,https://www.sec.gov/Archives/edgar/data/1748824/000174882420000014/bsig-form8xkxranaceoap.htm
AAMI,Acadian Asset Management Inc.,Kelly Young,2025-01-01,Present,8-K,https://www.sec.gov/Archives/edgar/data/1748824/000174882424000041/bsig-20240930.htm
AAOI,"APPLIED OPTOELECTRONICS, INC.",Chih-Hsiang Lin,1997-01-01,Present,Wikipedia (scraped),https://en.wikipedia.org/wiki/Applied_Optoelectronics
AAP,ADVANCE AUTO PARTS INC,Lawrence P. Castellani,2000-01-01,2005-05-24,8-K,https://www.sec.gov/Archives/edgar/data/1158449/000115844905000105/aap8k_052405.htm
AAP,ADVANCE AUTO PARTS INC,Michael N. Coppola,2005-05-24,2007-05-07,8-K,https://www.sec.gov/Archives/edgar/data/1158449/000115844905000105/aap8k_052405.htm
AAP,ADVANCE AUTO PARTS INC,John C. Brouillard,2007-05-07,2008-01-07,8-K,https://www.sec.gov/Archives/edgar/data/1158449/000115844907000074/aap8k.htm
AAP,ADVANCE AUTO PARTS INC,Darren R. Jackson,2008-01-07,2016-01-02,8-K,https://www.sec.gov/Archives/edgar/data/1158449/000115844907000176/aap8k.htm
AAP,ADVANCE AUTO PARTS INC,George E. Sherman,2016-01-03,2016-04-11,8-K,https://www.sec.gov/Archives/edgar/data/1158449/000115844915000187/a8k_11x11x2015.htm
AAP,ADVANCE AUTO PARTS INC,Thomas R. Greco,2016-04-11,2023-09-11,8-K,https://www.sec.gov/Archives/edgar/data/1158449/000115844916000365/a8k_4x4x2016.htm
AAP,ADVANCE AUTO PARTS INC,Shane M. O'Kelly,2023-09-11,Present,8-K,https://www.sec.gov/Archives/edgar/data/1158449/000119312523218433/d508220d8k.htm
AAT,"American Assets Trust, Inc.",John W. Chamberlain,,2015-09-14,8-K,https://www.sec.gov/Archives/edgar/data/1500217/000162828015007099/a8k_2015x09xchamberlain.htm
AAT,"American Assets Trust, Inc.",Ernest W. Rady,2015-09-14,2025-01-01,8-K,https://www.sec.gov/Archives/edgar/data/1500217/000162828015007099/a8k_2015x09xchamberlain.htm
AAT,"American Assets Trust, Inc.",Adam Wyll,2025-01-01,Present,8-K,https://www.sec.gov/Archives/edgar/data/1500217/000150021724000043/aat-20240730.htm
ABAT,AMERICAN BATTERY TECHNOLOGY Co,Craig Alford,2016-05-31,2017-02-15,8-K,https://www.sec.gov/Archives/edgar/data/1576873/000107878216002947/f8k060616_8k.htm
ABAT,AMERICAN BATTERY TECHNOLOGY Co,Michael Mason,2017-02-15,2017-08-07,8-K,https://www.sec.gov/Archives/edgar/data/1576873/000107878217000246/f8k022117_8k.htm
ABAT,AMERICAN BATTERY TECHNOLOGY Co,Douglas Cole,2017-08-07,2021-08-27,8-K,https://www.sec.gov/Archives/edgar/data/1576873/000107878217001083/f8k081117_8k.htm
ABAT,AMERICAN BATTERY TECHNOLOGY Co,Ryan Melsert,2021-08-27,Present,8-K,https://www.sec.gov/Archives/edgar/data/1576873/000149315221021498/form8-k.htm
ABCB,Ameris Bancorp,Edwin W. Hortman Jr.,2005-01-01,2018-07-05,8-K,https://www.sec.gov/Archives/edgar/data/351569/000114420418033090/tv496032_8-k.htm
ABCB,Ameris Bancorp,Dennis J. Zember,2018-01-01,1981-01-01,8-K,https://www.sec.gov/Archives/edgar/data/351569/000114420419033242/tv524542_8k.htm
ABCB,Ameris Bancorp,Eugene M. Vereen,1981-01-01,2008-04-06,8-K,https://www.sec.gov/Archives/edgar/data/351569/000035156908000010/form8k.htm
ABCB,Ameris Bancorp,Dennis J. Zember Jr.,2018-07-05,2019-01-01,8-K,https://www.sec.gov/Archives/edgar/data/351569/000114420418033090/tv496032_8-k.htm
ABCB,Ameris Bancorp,"H. Palmer Proctor, Jr.",2019-01-01,2019-06-28,Wikipedia (scraped),https://en.wikipedia.org/wiki/Ameris_Bancorp
ABCB,Ameris Bancorp,H. Palmer Proctor,2019-06-28,Present,8-K,https://www.sec.gov/Archives/edgar/data/351569/000114420419033242/tv524542_8k.htm
ABEO,ABEONA THERAPEUTICS INC.,Kerry Gray,,2005-05-10,8-K,https://www.sec.gov/Archives/edgar/data/318306/000031830605000011/r8k-093.txt
ABEO,ABEONA THERAPEUTICS INC.,Rosemary Mazanet,2005-05-10,2007-01-04,8-K,https://www.sec.gov/Archives/edgar/data/318306/000031830607000005/r8k-140.txt
ABEO,ABEONA THERAPEUTICS INC.,Stephen R. Seiler,2007-01-04,2007-12-19,8-K,https://www.sec.gov/Archives/edgar/data/318306/000031830607000005/r8k-140.txt
ABEO,ABEONA THERAPEUTICS INC.,Jeffrey B. Davis,2007-12-26,2014-09-19,8-K,https://www.sec.gov/Archives/edgar/data/318306/000031830607000065/r8k-237.htm
ABEO,ABEONA THERAPEUTICS INC.,Scott W. Schorer,2014-09-19,2015-05-06,8-K,https://www.sec.gov/Archives/edgar/data/318306/000031830614000027/r8k-530.htm
ABEO,ABEONA THERAPEUTICS INC.,Tim Miller,2015-05-06,2018-03-29,8-K,https://www.sec.gov/Archives/edgar/data/318306/000031830615000013/r8k-560.htm
ABEO,ABEONA THERAPEUTICS INC.,Frank Carsten Thiel,2018-03-29,2018-03-29,8-K,https://www.sec.gov/Archives/edgar/data/318306/000114420418018693/tv490170_8k.htm
ABEO,ABEONA THERAPEUTICS INC.,Carsten Thiel,2018-03-29,2018-11-26,8-K,https://www.sec.gov/Archives/edgar/data/318306/000114420418027650/tv493924_8k.htm
ABEO,ABEONA THERAPEUTICS INC.,Joao Siffert,2018-11-26,2020-09-23,8-K,https://www.sec.gov/Archives/edgar/data/318306/000114420418062416/tv507897_8k.htm
ABEO,ABEONA THERAPEUTICS INC.,Michael Amoroso,2021-03-19,2021-10-14,8-K,https://www.sec.gov/Archives/edgar/data/318306/000149315221006620/form8-k.htm
ABEO,ABEONA THERAPEUTICS INC.,Vishwas Seshadri,2021-10-15,Present,8-K,https://www.sec.gov/Archives/edgar/data/318306/000149315221023269/form8-k.htm
ABG,ASBURY AUTOMOTIVE GROUP INC,Kenneth B. Gilman,2001-12-01,2007-05-04,8-K,https://www.sec.gov/Archives/edgar/data/1144980/000110465907011465/a07-4578_28k.htm
ABG,ASBURY AUTOMOTIVE GROUP INC,Charles R. Oglesby,2007-05-04,2011-02-09,8-K,https://www.sec.gov/Archives/edgar/data/1144980/000110465907011465/a07-4578_28k.htm
ABG,ASBURY AUTOMOTIVE GROUP INC,Craig T. Monaghan,2011-02-09,2017-12-31,8-K,https://www.sec.gov/Archives/edgar/data/1144980/000119312511030118/d8k.htm
ABG,ASBURY AUTOMOTIVE GROUP INC,David W. Hult,2018-01-01,2026-05-04,8-K,https://www.sec.gov/Archives/edgar/data/1144980/000114498017000119/a8-k.htm
ABG,ASBURY AUTOMOTIVE GROUP INC,Daniel E. Clara,2026-05-04,Present,8-K,https://www.sec.gov/Archives/edgar/data/1144980/000114498026000083/abg-20251208.htm
ABM,ABM INDUSTRIES INC /DE/,Henrik C. Slipsager,2000-11-01,2015-03-31,8-K,https://www.sec.gov/Archives/edgar/data/771497/000157104915000264/t1500089_8k.htm
ABM,ABM INDUSTRIES INC /DE/,Scott Salmirs,2015-03-31,Present,8-K,https://www.sec.gov/Archives/edgar/data/771497/000157104915000264/t1500089_8k.htm
ABR,ARBOR REALTY TRUST INC,IVAN KAUFMAN,,Present,SEC DEF 14A,https://www.sec.gov/Archives/edgar/data/1253986/000125398626000027/abr-20260413.htm
ABSI,Absci Corp,Sean McClain,,Present,SEC DEF 14A,https://www.sec.gov/Archives/edgar/data/1672688/000167268826000078/absi-20260422.htm
ABUS,Arbutus Biopharma Corp,Mark J. Murray,2008-05-01,2019-06-23,8-K,https://www.sec.gov/Archives/edgar/data/1447028/000117184319004042/f8k_061819.htm
ABUS,Arbutus Biopharma Corp,William H. Collier,2019-06-24,2023-12-31,8-K,https://www.sec.gov/Archives/edgar/data/1447028/000117184319004042/f8k_061819.htm
ABUS,Arbutus Biopharma Corp,Michael J. McElhaugh,2024-01-01,2025-02-24,8-K,https://www.sec.gov/Archives/edgar/data/1447028/000117184323006795/f8k_110723.htm
ABUS,Arbutus Biopharma Corp,Lindsay Androski,2025-02-24,Present,8-K,https://www.sec.gov/Archives/edgar/data/1447028/000117184325001049/f8k_022525.htm
ABX,"Abacus Global Management, Inc.",Steven Sewell,2018-01-01,Present,Wikipedia (scraped),https://en.wikipedia.org/wiki/Abacus_Group
ACA,"Arcosa, Inc.","I need to find the CEO of Arcosa, Inc. from this DEF 14A filing.

Looking through the provided text:

1. The cover page and notice sections show Rhys J. Best as Chairman of the Board, but not as CEO.
2. Mark J. Elmore is listed as Vice President, Corporate Secretary and Associate General Counsel - not",,Present,SEC DEF 14A,https://www.sec.gov/Archives/edgar/data/1739445/000173944524000051/aca-20240326.htm
ACAD,ACADIA PHARMACEUTICALS INC,Leonard R. Borrmann,1998-05-01,2001-01-01,Wikipedia (scraped),https://en.wikipedia.org/wiki/Acadia_Pharmaceuticals
ACAD,ACADIA PHARMACEUTICALS INC,Uli Hacksell,2001-01-01,2015-03-11,8-K,https://www.sec.gov/Archives/edgar/data/1070494/000119312515087422/d887623d8k.htm
ACAD,ACADIA PHARMACEUTICALS INC,Stephen R. Davis,2015-03-11,2024-09-23,8-K,https://www.sec.gov/Archives/edgar/data/1070494/000119312515087422/d887623d8k.htm
ACAD,ACADIA PHARMACEUTICALS INC,Catherine Owen Adams,2024-09-23,Present,8-K,https://www.sec.gov/Archives/edgar/data/1070494/000119312524223726/d861822d8k.htm
ACCO,ACCO BRANDS Corp,David D. Campbell,2005-01-01,2008-10-22,8-K,https://www.sec.gov/Archives/edgar/data/712034/000091384908000589/f8k_102308.htm
ACCO,ACCO BRANDS Corp,Robert J. Keller,2008-10-22,2013-03-31,8-K,https://www.sec.gov/Archives/edgar/data/712034/000091384908000589/f8k_102308.htm
ACCO,ACCO BRANDS Corp,Boris Elisman,2013-03-31,2023-10-01,8-K,https://www.sec.gov/Archives/edgar/data/712034/000114420413002045/v332016_8-k.htm
ACCO,ACCO BRANDS Corp,Thomas W. Tedford,2023-10-01,Present,8-K,https://www.sec.gov/Archives/edgar/data/712034/000095017023039942/acco-20230804.htm
ACEL,"Accel Entertainment, Inc.",Andy Rubenstein,2019-07-01,Present,8-K,https://www.sec.gov/Archives/edgar/data/1698991/000169899126000009/acel-20260202.htm
ACH,ACCENDRA HEALTH INC/VA/,G. Gilmer Minor,,2005-07-01,8-K,https://www.sec.gov/Archives/edgar/data/75252/000119312505069583/d8k.htm
ACH,ACCENDRA HEALTH INC/VA/,Craig R. Smith,2005-07-01,2014-09-01,8-K,https://www.sec.gov/Archives/edgar/data/75252/000119312505069583/d8k.htm
ACH,ACCENDRA HEALTH INC/VA/,James L. Bierman,2014-09-01,2015-07-01,8-K,https://www.sec.gov/Archives/edgar/data/75252/000119312514283430/d765329d8k.htm
ACH,ACCENDRA HEALTH INC/VA/,P. Cody Phipps,2015-07-01,2018-11-07,8-K,https://www.sec.gov/Archives/edgar/data/75252/000119312515198927/d930220d8k.htm
ACH,ACCENDRA HEALTH INC/VA/,Robert C. Sledd,2018-11-07,2019-03-04,8-K,https://www.sec.gov/Archives/edgar/data/75252/000007525218000137/cp8k.htm
ACH,ACCENDRA HEALTH INC/VA/,Edward A. Pesicka,2019-03-04,Present,8-K,https://www.sec.gov/Archives/edgar/data/75252/000007525219000024/pesickabylawsfeb198k.htm
ACHR,Archer Aviation Inc.,Brett Adcock,2018-10-16,2022-04-13,8-K,https://www.sec.gov/Archives/edgar/data/1824502/000110465922046959/tm2212861d4_8k.htm
ACHR,Archer Aviation Inc.,Adam Goldstein,2022-04-13,Present,8-K,https://www.sec.gov/Archives/edgar/data/1824502/000110465922046959/tm2212861d4_8k.htm
ACIC,AMERICAN COASTAL INSURANCE Corp,Melvin Russell,,2008-10-06,8-K,https://www.sec.gov/Archives/edgar/data/1401521/000140152112000025/form8-k08jun12newceo.htm
ACIC,AMERICAN COASTAL INSURANCE Corp,Donald J. Cronin,2008-10-06,2012-05-01,8-K,https://www.sec.gov/Archives/edgar/data/1401521/000119312508206773/d8k.htm
ACIC,AMERICAN COASTAL INSURANCE Corp,John L. Forney,2012-06-14,2020-06-30,8-K,https://www.sec.gov/Archives/edgar/data/1401521/000140152112000025/form8-k08jun12newceo.htm
ACIC,AMERICAN COASTAL INSURANCE Corp,R. Daniel Peed,2020-07-01,2025-02-11,8-K,https://www.sec.gov/Archives/edgar/data/1401521/000140152120000130/uihc-20200618.htm
ACIC,AMERICAN COASTAL INSURANCE Corp,B. Bradford Martz,2025-02-11,Present,8-K,https://www.sec.gov/Archives/edgar/data/1401521/000140152125000021/uihc-20250212.htm
ACIW,"ACI WORLDWIDE, INC.",Gregory D. Derkacht,,2005-03-08,8-K,https://www.sec.gov/Archives/edgar/data/935036/000093503605000022/annualmtng8k.txt
ACIW,"ACI WORLDWIDE, INC.","Thomas W. Warsop, III",2005-03-08,2005-03-08,Wikipedia (scraped),https://en.wikipedia.org/wiki/ACI_Worldwide
ACIW,"ACI WORLDWIDE, INC.",Philip G. Heasley,2005-03-08,2019-12-31,8-K,https://www.sec.gov/Archives/edgar/data/935036/000093503605000022/annualmtng8k.txt
ACIW,"ACI WORLDWIDE, INC.",Craig Saks,2020-01-01,2020-03-09,8-K,https://www.sec.gov/Archives/edgar/data/935036/000119312519313885/d823536d8k.htm
ACIW,"ACI WORLDWIDE, INC.",Odilon Almeida,2020-03-09,2022-11-08,8-K,https://www.sec.gov/Archives/edgar/data/935036/000119312520042369/d894804d8k.htm
ACIW,"ACI WORLDWIDE, INC.",Thomas Warsop,2022-11-08,Present,8-K,https://www.sec.gov/Archives/edgar/data/935036/000119312522279722/d405654d8k.htm
ACLS,AXCELIS TECHNOLOGIES INC,Mary G. Puma,,2023-05-11,8-K,https://www.sec.gov/Archives/edgar/data/1113232/000110465923059495/tm2314798d1_8k.htm
ACLS,AXCELIS TECHNOLOGIES INC,Russell J. Low,2023-05-11,Present,8-K,https://www.sec.gov/Archives/edgar/data/1113232/000110465923059495/tm2314798d1_8k.htm
ACMR,"ACM Research, Inc.",David Wang,1998-01-01,Present,Wikipedia (scraped),https://en.wikipedia.org/wiki/ACM_Research
ACNB,ACNB CORP,Thomas A. Ritter,,2017-05-05,8-K,https://www.sec.gov/Archives/edgar/data/715579/000110465917004151/a17-3014_28k.htm
ACNB,ACNB CORP,James P. Helt,2017-05-05,Present,8-K,https://www.sec.gov/Archives/edgar/data/715579/000110465917004151/a17-3014_28k.htm
ACNT,ASCENT INDUSTRIES CO.,Ralph Matera,,2005-09-30,8-K,https://www.sec.gov/Archives/edgar/data/95953/000009595305000022/synl8k18aug05.htm
ACNT,ASCENT INDUSTRIES CO.,Ronald H. Braam,2006-01-01,2011-01-24,8-K,https://www.sec.gov/Archives/edgar/data/95953/000009595305000035/synl8k21dec05.htm
ACNT,ASCENT INDUSTRIES CO.,Craig C. Bram,2011-01-24,2020-11-09,8-K,https://www.sec.gov/Archives/edgar/data/95953/000009595311000002/body.htm
ACNT,ASCENT INDUSTRIES CO.,Christopher G. Hutter,2020-11-09,2024-02-10,8-K,https://www.sec.gov/Archives/edgar/data/95953/000009595320000129/synl-20201023.htm
ACNT,ASCENT INDUSTRIES CO.,J. Bryan Kitchen,2024-02-10,Present,8-K,https://www.sec.gov/Archives/edgar/data/95953/000009595324000002/acnt-20240209.htm
ACR,ACRES Commercial Realty Corp.,Robert C. Lieber,,2020-07-31,8-K,https://www.sec.gov/Archives/edgar/data/1332551/000119312520208347/d946697d8k.htm
ACR,ACRES Commercial Realty Corp.,Mark S. Fogel,2020-07-31,2026-04-30,8-K,https://www.sec.gov/Archives/edgar/data/1332551/000119312520208347/d946697d8k.htm
ACR,ACRES Commercial Realty Corp.,Andrew Fentress,2026-04-30,Present,8-K,https://www.sec.gov/Archives/edgar/data/1332551/000119312526193833/acr-20260427.htm
ACRE,Ares Commercial Real Estate Corp,Robert L. Rosen,,2013-06-01,8-K,https://www.sec.gov/Archives/edgar/data/1529377/000152937717000066/a8k-appointmentofofficer.htm
ACRE,Ares Commercial Real Estate Corp,Todd S. Schuster,2013-06-01,2015-08-26,8-K,https://www.sec.gov/Archives/edgar/data/1529377/000110465913041606/a13-12478_18k.htm
ACRE,Ares Commercial Real Estate Corp,John Jardine,2015-08-28,2017-10-31,8-K,https://www.sec.gov/Archives/edgar/data/1529377/000110465915062618/a15-18762_18k.htm
ACRE,Ares Commercial Real Estate Corp,James A. Henderson,2017-10-31,Present,8-K,https://www.sec.gov/Archives/edgar/data/1529377/000152937717000066/a8k-appointmentofofficer.htm
ACRS,"Aclaris Therapeutics, Inc.",Douglas Manion,2023-01-01,2024-01-16,8-K,https://www.sec.gov/Archives/edgar/data/1557746/000110465922121225/tm2231125d1_8k.htm
ACRS,"Aclaris Therapeutics, Inc.",Neal Walker,2024-01-17,Present,8-K,https://www.sec.gov/Archives/edgar/data/1557746/000155837024000373/acrs-20240115x8k.htm
ACT,"Enact Holdings, Inc.",Rohit Gupta,,Present,SEC DEF 14A,https://www.sec.gov/Archives/edgar/data/1823529/000182352926000098/act-20260325.htm
ACTG,ACACIA RESEARCH CORP,Paul R. Ryan,1997-01-01,2012-01-12,8-K,https://www.sec.gov/Archives/edgar/data/934549/000119312512009894/d281890d8k.htm
ACTG,ACACIA RESEARCH CORP,Matthew Vella,2013-08-01,2015-12-21,8-K,https://www.sec.gov/Archives/edgar/data/934549/000119312513283647/d564930d8k.htm
ACTG,ACACIA RESEARCH CORP,Marvin Key,2015-12-21,2017-04-19,8-K,https://www.sec.gov/Archives/edgar/data/934549/000093454915000074/vella_resignationx8k.htm
ACTG,ACACIA RESEARCH CORP,Clifford Press,2019-09-03,2022-10-31,8-K,https://www.sec.gov/Archives/edgar/data/934549/000093454919000048/a8-k_officerxappointmentsx.htm
ACTG,ACACIA RESEARCH CORP,Martin D. McNulty Jr.,2022-10-31,Present,8-K,https://www.sec.gov/Archives/edgar/data/934549/000110465922113094/tm2229255d1_8k.htm
ACTU,"ACTUATE THERAPEUTICS, INC.",Daniel M. Schmitt,,Present,SEC DEF 14A,https://www.sec.gov/Archives/edgar/data/1652935/000168316826002691/actuate_def14a1.htm
ACU,ACME UNITED CORP,Walter C. Johnsen,1995-11-30,Present,Wikipedia (scraped),https://en.wikipedia.org/wiki/Acme_United_Corporation
ACVA,ACV Auctions Inc.,GEORGE CHAMOUN,,Present,SEC DEF 14A,https://www.sec.gov/Archives/edgar/data/1637873/000119312526158987/d27393ddef14a.htm
ADAM,"ADAMAS TRUST, INC.",David A. Akre,,2009-02-03,8-K,https://www.sec.gov/Archives/edgar/data/1273685/000114420409005101/v138758_8-k.htm
ADAM,"ADAMAS TRUST, INC.",Steven R. Mumma,2009-02-03,2022-01-01,8-K,https://www.sec.gov/Archives/edgar/data/1273685/000114420409005101/v138758_8-k.htm
ADAM,"ADAMAS TRUST, INC.",Jason T. Serrano,2022-01-01,Present,8-K,https://www.sec.gov/Archives/edgar/data/1273685/000127368521000098/nymt-20211116.htm
ADEA,Adeia Inc.,Jon Kirchner,,2022-10-01,8-K,https://www.sec.gov/Archives/edgar/data/1803696/000119312522252733/d381655d8k.htm
ADEA,Adeia Inc.,Paul E. Davis,2022-10-01,Present,8-K,https://www.sec.gov/Archives/edgar/data/1803696/000119312522252733/d381655d8k.htm
ADMA,"ADMA BIOLOGICS, INC.",Adam S. Grossman,,Present,SEC DEF 14A,https://www.sec.gov/Archives/edgar/data/1368514/000114036126014799/ny20064057x1_def14a.htm
ADNT,Adient plc,R. Bruce McDonald,,2018-06-11,8-K,https://www.sec.gov/Archives/edgar/data/1670541/000119312518188751/d606085d8k.htm
ADNT,Adient plc,Douglas G. Del Grosso,2018-06-11,2018-06-11,8-K,https://www.sec.gov/Archives/edgar/data/1670541/000167054123000148/adnt-20231108.htm
ADNT,Adient plc,Frederick A. Henderson,2018-06-11,2018-09-30,8-K,https://www.sec.gov/Archives/edgar/data/1670541/000119312518188751/d606085d8k.htm
ADNT,Adient plc,Douglas G. DelGrosso,2018-10-01,2024-01-01,8-K,https://www.sec.gov/Archives/edgar/data/1670541/000119312518272289/d608330d8k.htm
ADNT,Adient plc,Jerome J. Dorlack,2024-01-01,Present,8-K,https://www.sec.gov/Archives/edgar/data/1670541/000167054123000148/adnt-20231108.htm
ADPT,Adaptive Biotechnologies Corp,Bent U. Frandsen,Unknown,Present,Wikipedia (scraped),https://en.wikipedia.org/wiki/ExpreS2ion_Biotechnologies
ADTN,"ADTRAN Holdings, Inc.",Mark C. Smith,1986-01-01,2005-09-10,8-K,https://www.sec.gov/Archives/edgar/data/926282/000119312505143958/d8k.htm
ADTN,"ADTRAN Holdings, Inc.",Thomas R. Stanton,2005-09-10,Present,8-K,https://www.sec.gov/Archives/edgar/data/926282/000119312505143958/d8k.htm
ADUS,Addus HomeCare Corp,Mark Heaney,,2016-01-18,8-K,https://www.sec.gov/Archives/edgar/data/1468328/000119312516435798/d128889d8k.htm
ADUS,Addus HomeCare Corp,R. Dirk Allison,2016-01-18,Present,8-K,https://www.sec.gov/Archives/edgar/data/1468328/000119312516435798/d128889d8k.htm
ADV,Advantage Solutions Inc.,Tanya Domier,,2022-04-01,8-K,https://www.sec.gov/Archives/edgar/data/1776661/000094787122000311/ss832426_8k.htm
ADV,Advantage Solutions Inc.,Jill Griffin,2022-04-01,2023-01-16,8-K,https://www.sec.gov/Archives/edgar/data/1776661/000094787122000311/ss832426_8k.htm
ADV,Advantage Solutions Inc.,David Peacock,2023-02-01,Present,8-K,https://www.sec.gov/Archives/edgar/data/1776661/000119312523010252/d413458d8k.htm
AEBI,Aebi Schmidt Holding AG,Barend Fruithof,Unknown,Present,Wikipedia (scraped),https://en.wikipedia.org/wiki/AEBI
AEHR,AEHR TEST SYSTEMS,Rhea J. Posedel,,2012-01-03,8-K,https://www.sec.gov/Archives/edgar/data/1040470/000104047012000005/e8k010912.txt
AEHR,AEHR TEST SYSTEMS,Gayn Erickson,2012-01-03,Present,8-K,https://www.sec.gov/Archives/edgar/data/1040470/000104047012000005/e8k010912.txt
AEIS,ADVANCED ENERGY INDUSTRIES INC,Douglas S. Schatz,,,8-K,https://www.sec.gov/Archives/edgar/data/927003/000103570405000008/d21458e8vk.htm
AEIS,ADVANCED ENERGY INDUSTRIES INC,Hans Georg Betz,,2008-03-29,8-K,https://www.sec.gov/Archives/edgar/data/927003/000103570407000850/d52546e8vk.htm
AEIS,ADVANCED ENERGY INDUSTRIES INC,Garry Rogerson,2008-03-29,2014-09-30,8-K,https://www.sec.gov/Archives/edgar/data/927003/000092700314000052/a8-kceotransition.htm
AEIS,ADVANCED ENERGY INDUSTRIES INC,Yuval Wasserman,2014-10-01,2021-03-01,8-K,https://www.sec.gov/Archives/edgar/data/927003/000092700314000070/form8-kappointmentofofficer.htm
AEIS,ADVANCED ENERGY INDUSTRIES INC,Stephen D. Kelley,2021-03-01,Present,8-K,https://www.sec.gov/Archives/edgar/data/927003/000155837021000844/aeis-20210208x8k.htm
AEO,AMERICAN EAGLE OUTFITTERS INC,James V. O'Donnell,2002-12-01,2012-01-28,8-K,https://www.sec.gov/Archives/edgar/data/919012/000091901211000011/form8kjod.htm
AEO,AMERICAN EAGLE OUTFITTERS INC,Robert L. Hanson,2012-01-28,2014-01-22,8-K,https://www.sec.gov/Archives/edgar/data/919012/000091901212000005/aeo8k2011cc.htm
AEO,AMERICAN EAGLE OUTFITTERS INC,Jay L. Schottenstein,2014-01-22,Present,8-K,https://www.sec.gov/Archives/edgar/data/919012/000089882214000049/aeobody.htm
AESI,Atlas Energy Solutions Inc.,Ben M. Brigham,,2017-01-01,8-K,https://www.sec.gov/Archives/edgar/data/1984060/000095017024026263/aesi-20240305.htm
AESI,Atlas Energy Solutions Inc.,Robert Piconi,2017-01-01,2024-03-06,Wikipedia (scraped),https://en.wikipedia.org/wiki/Energy_Vault
AESI,Atlas Energy Solutions Inc.,John Turner,2024-03-06,Present,8-K,https://www.sec.gov/Archives/edgar/data/1984060/000095017024026263/aesi-20240305.htm
AEVA,"Aeva Technologies, Inc.",Soroush Salehian,2016-12-05,Present,Wikipedia (scraped),https://en.wikipedia.org/wiki/Aeva
AEYE,AUDIOEYE INC,Nathaniel Bradley,,2015-04-24,8-K,https://www.sec.gov/Archives/edgar/data/1362190/000110465915030474/a15-10000_18k.htm
AEYE,AUDIOEYE INC,Todd Bankofier,2015-11-04,2019-09-16,8-K,https://www.sec.gov/Archives/edgar/data/1362190/000114420415064013/v424231_8k.htm
AEYE,AUDIOEYE INC,Heath Thompson,2020-03-23,2020-08-13,8-K,https://www.sec.gov/Archives/edgar/data/1362190/000110465920027503/tm2011353d1_8k.htm
AEYE,AUDIOEYE INC,David Moradi,2020-08-13,2026-05-04,8-K,https://www.sec.gov/Archives/edgar/data/1362190/000110465920096573/tm2028872d1_8k.htm
AEYE,AUDIOEYE INC,Kelly Georgevich,2026-05-04,Present,8-K,https://www.sec.gov/Archives/edgar/data/1362190/000110465926056647/tm2613765d1_8k.htm
AGIO,"AGIOS PHARMACEUTICALS, INC.",David P. Schenkein,,2019-02-01,8-K,https://www.sec.gov/Archives/edgar/data/1439222/000119312518266635/d621128d8k.htm
AGIO,"AGIOS PHARMACEUTICALS, INC.",Jacqualyn A. Fouse,2019-02-01,2022-08-08,8-K,https://www.sec.gov/Archives/edgar/data/1439222/000119312518266635/d621128d8k.htm
AGIO,"AGIOS PHARMACEUTICALS, INC.",Brian Goff,2022-08-08,Present,8-K,https://www.sec.gov/Archives/edgar/data/1439222/000119312522192006/d267394d8k.htm
AGL,"agilon health, inc.",Steven J. Sell,,2025-07-29,8-K,https://www.sec.gov/Archives/edgar/data/1831097/000162828025037426/agl-20250729.htm
AGL,"agilon health, inc.",Tim O'Rourke,2026-05-07,Present,8-K,https://www.sec.gov/Archives/edgar/data/1831097/000162828026027512/agl-20260424.htm
AGM,FEDERAL AGRICULTURAL MORTGAGE CORP,Henry D. Edelman,1989-06-01,2008-09-30,8-K,https://www.sec.gov/Archives/edgar/data/845877/000084587708000054/form8k.htm
AGM,FEDERAL AGRICULTURAL MORTGAGE CORP,Zachary N. Carpenter,2008-09-30,2008-09-30,8-K,https://www.sec.gov/Archives/edgar/data/845877/000084587725000244/agm-20250925.htm
AGM,FEDERAL AGRICULTURAL MORTGAGE CORP,Michael A. Gerber,2008-09-30,2012-10-03,8-K,https://www.sec.gov/Archives/edgar/data/845877/000084587708000054/form8k.htm
AGM,FEDERAL AGRICULTURAL MORTGAGE CORP,Timothy L. Buzby,2012-10-03,2017-12-07,8-K,https://www.sec.gov/Archives/edgar/data/845877/000084587712000146/a20121003ceotransition.htm
AGM,FEDERAL AGRICULTURAL MORTGAGE CORP,Lowell L. Junkins,2017-12-07,2018-10-15,8-K,https://www.sec.gov/Archives/edgar/data/845877/000084587717000167/a201712078-k1.htm
AGM,FEDERAL AGRICULTURAL MORTGAGE CORP,Bradford T. Nordholm,2018-10-15,Present,8-K,https://www.sec.gov/Archives/edgar/data/845877/000084587718000177/a20181102formeractingceoco.htm
AGX,ARGAN INC,Rainer H. Bosselmann,,2022-08-16,8-K,https://www.sec.gov/Archives/edgar/data/100591/000155837022013789/agx-20220816x8k.htm
AGX,ARGAN INC,David H. Watson,2022-08-16,Present,8-K,https://www.sec.gov/Archives/edgar/data/100591/000155837022013789/agx-20220816x8k.htm
AGYS,AGILYSYS INC,Arthur Rhein,,2008-10-20,8-K,https://www.sec.gov/Archives/edgar/data/78749/000095015208008205/l34221ae8vk.htm
AGYS,AGILYSYS INC,Martin F. Ellis,2008-10-20,2011-05-31,8-K,https://www.sec.gov/Archives/edgar/data/78749/000095015208008205/l34221ae8vk.htm
AGYS,AGILYSYS INC,James H. Dennedy,2011-05-31,2017-01-02,8-K,https://www.sec.gov/Archives/edgar/data/78749/000119312511154916/d8k.htm
AGYS,AGILYSYS INC,Ramesh Srinivasan,2017-01-03,Present,8-K,https://www.sec.gov/Archives/edgar/data/78749/000162828016021999/a8-k_agysxceoxappointment.htm
AHCO,AdaptHealth Corp.,Luke McGee,,2021-06-11,8-K,https://www.sec.gov/Archives/edgar/data/1725255/000110465921080886/tm2119604d1_8k.htm
AHCO,AdaptHealth Corp.,Richard Barasch,2021-06-11,2021-06-14,8-K,https://www.sec.gov/Archives/edgar/data/1725255/000110465924048318/tm2411833d1_8k.htm
AHCO,AdaptHealth Corp.,Stephen P. Griggs,2021-06-14,2023-06-30,8-K,https://www.sec.gov/Archives/edgar/data/1725255/000110465921080886/tm2119604d1_8k.htm
AHCO,AdaptHealth Corp.,Crispin Teufel,2023-09-01,2024-05-20,8-K,https://www.sec.gov/Archives/edgar/data/1725255/000110465923075019/tm2319709d1_8k.htm
AHCO,AdaptHealth Corp.,Suzanne Foster,2024-05-20,Present,8-K,https://www.sec.gov/Archives/edgar/data/1725255/000110465924048318/tm2411833d1_8k.htm
AHR,"American Healthcare REIT, Inc.",Kenneth MacKenzie,Unknown,2015-01-01,Wikipedia (scraped),https://en.wikipedia.org/wiki/Target_Healthcare_REIT
AHR,"American Healthcare REIT, Inc.",Jeffrey T. Hanson,2015-01-01,2021-10-01,8-K,https://www.sec.gov/Archives/edgar/data/1632970/000163297021000095/gahr-20210930.htm
AHR,"American Healthcare REIT, Inc.",Danny Prosky,2021-10-01,Present,8-K,https://www.sec.gov/Archives/edgar/data/1632970/000163297021000095/gahr-20210930.htm
AHRT,"AH Realty Trust, Inc.",Louis S. Haddad,,2024-12-31,8-K,https://www.sec.gov/Archives/edgar/data/1569187/000156918724000164/ahh-20241118.htm
AHRT,"AH Realty Trust, Inc.",Shawn J. Tibbetts,2025-01-01,Present,8-K,https://www.sec.gov/Archives/edgar/data/1569187/000156918724000164/ahh-20241118.htm
AI,"C3.ai, Inc.",Thomas M. Siebel,2011-01-01,2025-09-01,8-K,https://www.sec.gov/Archives/edgar/data/1577526/000162828025035846/ai-20250721.htm
AI,"C3.ai, Inc.",Stephen Ehikian,2025-09-01,Present,8-K,https://www.sec.gov/Archives/edgar/data/1577526/000157752625000026/ai-20250901.htm
AII,"American Integrity Insurance Group, Inc.",Robert Ritchie,,Present,SEC DEF 14A,https://www.sec.gov/Archives/edgar/data/2007587/000200758726000043/aii-20260417.htm
AIN,ALBANY INTERNATIONAL CORP /DE/,Frank R. Schmeler,,2005-12-30,8-K,https://www.sec.gov/Archives/edgar/data/819793/000089109206000006/e23121_8k.txt
AIN,ALBANY INTERNATIONAL CORP /DE/,Joseph G. Morone,2006-01-01,2018-03-02,8-K,https://www.sec.gov/Archives/edgar/data/819793/000089109205000979/e20909_8k.txt
AIN,ALBANY INTERNATIONAL CORP /DE/,Olivier Jarrault,2018-03-02,2020-01-20,8-K,https://www.sec.gov/Archives/edgar/data/819793/000115752318000217/a51753545.htm
AIN,ALBANY INTERNATIONAL CORP /DE/,A. William Higgins,2020-01-20,2023-09-01,8-K,https://www.sec.gov/Archives/edgar/data/819793/000089109220000642/e8043-8k.htm
AIN,ALBANY INTERNATIONAL CORP /DE/,Gunnar Kleveland,2023-09-01,Present,8-K,https://www.sec.gov/Archives/edgar/data/819793/000081979323000078/ain-20230821.htm
AIOT,"Powerfleet, Inc.",Chris Wolfe,,2022-01-04,8-K,https://www.sec.gov/Archives/edgar/data/1774170/000149315222000439/form8-k.htm
AIOT,"Powerfleet, Inc.",Steve Towe,2022-01-05,Present,8-K,https://www.sec.gov/Archives/edgar/data/1774170/000149315222000439/form8-k.htm
AIP,"Arteris, Inc.",K. Charles Janac,Unknown,Present,Wikipedia (scraped),https://en.wikipedia.org/wiki/Arteris
AIR,AAR CORP,David P. Storch,1996-01-01,2018-05-31,8-K,https://www.sec.gov/Archives/edgar/data/1750/000110465918001677/a18-2545_28k.htm
AIR,AAR CORP,John M. Holmes,2018-06-01,Present,8-K,https://www.sec.gov/Archives/edgar/data/1750/000110465918001677/a18-2545_28k.htm
AIRJ,AirJoule Technologies Corp.,Matthew Jore,2024-03-20,Present,8-K,https://www.sec.gov/Archives/edgar/data/1855474/000121390024024441/ea0202160-8k_montana.htm
AIRO,"AIRO Group Holdings, Inc.",Joe Burns,Unknown,Present,Wikipedia (scraped),https://en.wikipedia.org/wiki/AIRO_Group
AIRS,"Airsculpt Technologies, Inc.",Todd Magazine,,2024-08-08,8-K,https://www.sec.gov/Archives/edgar/data/1870940/000110465924087505/tm2421260d1_8k.htm
AIRS,"Airsculpt Technologies, Inc.",Dennis Dean,2024-08-08,2025-01-07,8-K,https://www.sec.gov/Archives/edgar/data/1870940/000110465924087505/tm2421260d1_8k.htm
AIRS,"Airsculpt Technologies, Inc.",Yogesh Jashnani,2025-01-07,Present,8-K,https://www.sec.gov/Archives/edgar/data/1870940/000110465924129178/tm2431265d1_8k.htm
AISP,"Airship AI Holdings, Inc.",Danny Yamin,,2022-11-01,8-K,https://www.sec.gov/Archives/edgar/data/1842566/000121390022076873/ea168793-8k_byteacq.htm
AISP,"Airship AI Holdings, Inc.",Samuel Gloor,2022-11-01,2023-12-21,8-K,https://www.sec.gov/Archives/edgar/data/1842566/000121390023013398/ea173810-8k_byteacq.htm
AISP,"Airship AI Holdings, Inc.",Victor Huang,2023-12-21,Present,8-K,https://www.sec.gov/Archives/edgar/data/1842566/000165495423016064/airsp_8k.htm
AKBA,"Akebia Therapeutics, Inc.",John P. Butler,,Present,SEC DEF 14A,https://www.sec.gov/Archives/edgar/data/1517022/000119312523056298/d456007ddef14a.htm
AKE,"Akebia Therapeutics, Inc.",John P. Butler,,Present,SEC DEF 14A,https://www.sec.gov/Archives/edgar/data/1517022/000119312523056298/d456007ddef14a.htm
AKR,ACADIA REALTY TRUST,Kenneth F. Bernstein,,Present,SEC 10-K/A,https://www.sec.gov/Archives/edgar/data/899629/000144530512000787/akrform10-ka.htm
ALCO,"ALICO, INC.",W. Bernard Lester,,2005-02-28,8-K,https://www.sec.gov/Archives/edgar/data/3545/000000354505000015/f8l022405.htm
ALCO,"ALICO, INC.",Clayton G. Wilson,2005-02-28,2005-02-25,8-K,https://www.sec.gov/Archives/edgar/data/3545/000000354516000180/a8-kfinancialresults4q2016.htm
ALCO,"ALICO, INC.",John R. Alexander,2005-02-25,2008-06-30,8-K,https://www.sec.gov/Archives/edgar/data/3545/000000354505000015/f8l022405.htm
ALCO,"ALICO, INC.",Dan L. Gunter,2008-06-30,2008-11-17,8-K,https://www.sec.gov/Archives/edgar/data/3545/000119312508010795/d8k.htm
ALCO,"ALICO, INC.",Steven M. Smith,2008-11-21,2010-02-24,8-K,https://www.sec.gov/Archives/edgar/data/3545/000119312508241170/d8k.htm
ALCO,"ALICO, INC.",Remy W. Trafelet,2016-12-31,2018-11-19,8-K,https://www.sec.gov/Archives/edgar/data/3545/000000354517000003/alico-form8xkwilsonseparat.htm
ALCO,"ALICO, INC.",John E. Kiernan,2019-07-01,Present,8-K,https://www.sec.gov/Archives/edgar/data/3545/000000354519000053/alico8kofficerappointm.htm
ALDX,"Aldeyra Therapeutics, Inc.",Todd C. Brady,,Present,SEC DEF 14A,https://www.sec.gov/Archives/edgar/data/1341235/000119312526182099/d54888ddef14a.htm
ALEC,"Alector, Inc.",Arnon Rosenthal,,Present,SEC DEF 14A,https://www.sec.gov/Archives/edgar/data/1653087/000119312526186928/alec-20260421.htm
ALG,ALAMO GROUP INC,Ronald A. Robinson,,2021-05-31,8-K,https://www.sec.gov/Archives/edgar/data/897077/000089707720000144/alg-20201210.htm
ALG,ALAMO GROUP INC,Jeffery A. Leonard,2021-05-31,2025-09-01,8-K,https://www.sec.gov/Archives/edgar/data/897077/000089707721000033/alg-20210401.htm
ALG,ALAMO GROUP INC,Robert P. Hureau,2025-09-02,Present,8-K,https://www.sec.gov/Archives/edgar/data/897077/000089707725000111/alg-20250814.htm
ALGT,Allegiant Travel CO,John Redmond,2022-06-01,2023-09-26,8-K,https://www.sec.gov/Archives/edgar/data/1362468/000136246822000012/algt-20220207.htm
ALGT,Allegiant Travel CO,Maurice J. Gallagher,2023-09-26,2024-09-01,8-K,https://www.sec.gov/Archives/edgar/data/1362468/000136246823000049/algt-20230926.htm
ALGT,Allegiant Travel CO,Gregory C. Anderson,2024-09-01,Present,8-K,https://www.sec.gov/Archives/edgar/data/1362468/000136246824000034/algt-20240708.htm
ALH,Alliance Laundry Holdings Inc.,Mike Schoeb,Unknown,Present,Wikipedia (scraped),https://en.wikipedia.org/wiki/Alliance_Laundry_Systems
ALHC,"Alignment Healthcare, Inc.",John Kao,,Present,SEC DEF 14A,https://www.sec.gov/Archives/edgar/data/1832466/000162828026027058/alhc-20260424.htm
ALIT,"Alight, Inc. / Delaware",Richard N. Massey,,2021-07-09,8-K,https://www.sec.gov/Archives/edgar/data/1809104/000119312521211067/d187891d8k.htm
ALIT,"Alight, Inc. / Delaware",Stephan D. Scholl,2021-07-09,2024-08-20,8-K,https://www.sec.gov/Archives/edgar/data/1809104/000119312521211067/d187891d8k.htm
ALIT,"Alight, Inc. / Delaware",David D. Guilmette,2024-08-20,2025-12-31,8-K,https://www.sec.gov/Archives/edgar/data/1809104/000095017024100363/alit-20240826.htm
ALIT,"Alight, Inc. / Delaware",Rohit Verma,2026-01-01,Present,8-K,https://www.sec.gov/Archives/edgar/data/1809104/000119312525292066/d58194d8k.htm
ALKS,Alkermes plc.,Richard F. Pops,2011-09-16,Present,8-K,https://www.sec.gov/Archives/edgar/data/1520262/000090342311000465/alkermes8k_0919.htm
ALKT,"ALKAMI TECHNOLOGY, INC.",Michael Hansen,,2021-11-05,8-K,https://www.sec.gov/Archives/edgar/data/1529274/000152927421000082/alk-20211104.htm
ALKT,"ALKAMI TECHNOLOGY, INC.",Alex Shootman,2021-11-05,Present,8-K,https://www.sec.gov/Archives/edgar/data/1529274/000152927421000082/alk-20211104.htm
ALMS,ALUMIS INC.,Martin Babler,,Present,SEC DEF 14A,https://www.sec.gov/Archives/edgar/data/1847367/000110465925059837/tm2515405-1_def14a.htm
ALMU,"Aeluma, Inc.",Jonathan Klamkin,,Present,SEC DEF 14A,https://www.sec.gov/Archives/edgar/data/1828805/000121390025117284/ea0267920-def14a_aeluma.htm
ALNT,ALLIENT INC,Richard D. Smith,,2009-05-12,8-K,https://www.sec.gov/Archives/edgar/data/46129/000110465908078202/a08-31004_18k.htm
ALNT,ALLIENT INC,Richard S. Warzala,2009-05-12,Present,8-K,https://www.sec.gov/Archives/edgar/data/46129/000110465908078202/a08-31004_18k.htm
ALRM,"Alarm.com Holdings, Inc.",Steve Trundle,Unknown,Present,Wikipedia (scraped),https://en.wikipedia.org/wiki/Alarm.com
ALRS,ALERUS FINANCIAL CORP,Randy L. Newman,,2022-01-01,8-K,https://www.sec.gov/Archives/edgar/data/903419/000110465921117361/tm2127984d1_8k.htm
ALRS,ALERUS FINANCIAL CORP,Katie A. Lorenson,2022-01-01,Present,8-K,https://www.sec.gov/Archives/edgar/data/903419/000110465921117361/tm2127984d1_8k.htm
ALT,"Altimmune, Inc.",Derace Schaffer,,2007-08-03,8-K,https://www.sec.gov/Archives/edgar/data/1326190/000114420407041734/v083793_8k.htm
ALT,"Altimmune, Inc.",David Wright,2007-08-06,2010-05-02,8-K,https://www.sec.gov/Archives/edgar/data/1326190/000114420407041734/v083793_8k.htm
ALT,"Altimmune, Inc.",Eric I. Richman,2010-05-02,2017-05-04,8-K,https://www.sec.gov/Archives/edgar/data/1326190/000114420410025034/v183834_8k.htm
ALT,"Altimmune, Inc.",William J. Enright,2017-05-04,2018-11-30,8-K,https://www.sec.gov/Archives/edgar/data/1326190/000114420417025266/v466109_8k.htm
ALT,"Altimmune, Inc.",Vipin K. Garg,2018-11-30,2026-01-01,8-K,https://www.sec.gov/Archives/edgar/data/1326190/000119312518335258/d647325d8k.htm
ALT,"Altimmune, Inc.",Jerome Durso,2026-01-01,Present,8-K,https://www.sec.gov/Archives/edgar/data/1326190/000110465925117144/tm2532420d1_8k.htm
ALTG,ALTA EQUIPMENT GROUP INC.,Ryan Greenawalt,,Present,SEC DEF 14A,https://www.sec.gov/Archives/edgar/data/1759824/000119312522123847/d247694ddef14a.htm
ALTI,"AlTi Global, Inc.",Michael Tiedemann,,2026-03-30,8-K,https://www.sec.gov/Archives/edgar/data/1838615/000114036126012146/ef20069354_8k.htm
ALTI,"AlTi Global, Inc.",Nancy Curtin,2026-03-30,Present,8-K,https://www.sec.gov/Archives/edgar/data/1838615/000114036126012146/ef20069354_8k.htm
ALX,ALEXANDERS INC,Steven Roth,,Present,SEC 10-K,https://www.sec.gov/Archives/edgar/data/3499/000104746906002476/a2167884z10-k.htm
AMAL,Amalgamated Financial Corp.,Keith R. Mestrich,,2021-01-31,8-K,https://www.sec.gov/Archives/edgar/data/1823608/000119312520268990/d95130d8k.htm
AMAL,Amalgamated Financial Corp.,Lynne P. Fox,2021-02-01,2021-06-01,8-K,https://www.sec.gov/Archives/edgar/data/1823608/000182360821000007/secamalformreinterimceoapp.htm
AMAL,Amalgamated Financial Corp.,Priscilla Sims Brown,2021-06-01,Present,8-K,https://www.sec.gov/Archives/edgar/data/1823608/000155278121000402/e21377_amal-8k.htm
AMBA,AMBARELLA INC,Feng-Ming (Fermi) Wang,2004-01-15,Present,Wikipedia (scraped),https://en.wikipedia.org/wiki/Ambarella_Inc.
AMBQ,"Ambiq Micro, Inc.",Fumihide Esaka,Unknown,Present,Wikipedia (scraped),https://en.wikipedia.org/wiki/Ambiq_Micro
AMC,"AMC ENTERTAINMENT HOLDINGS, INC.",Gerardo I. Lopez,2009-03-01,2015-07-27,8-K,https://www.sec.gov/Archives/edgar/data/1411579/000110465915052016/a15-15862_18k.htm
AMC,"AMC ENTERTAINMENT HOLDINGS, INC.",Craig R. Ramsey,2015-07-27,2016-01-04,8-K,https://www.sec.gov/Archives/edgar/data/1411579/000110465915053891/a15-16293_18ka.htm
AMC,"AMC ENTERTAINMENT HOLDINGS, INC.",Adam M. Aron,2016-01-04,Present,8-K,https://www.sec.gov/Archives/edgar/data/1411579/000110465915084779/a15-24957_18k.htm
AMCX,AMC Global Media Inc.,Joshua W. Sapan,,2021-09-08,8-K,https://www.sec.gov/Archives/edgar/data/1514991/000151499121000051/amcx-20210823.htm
AMCX,AMC Global Media Inc.,Matthew Blank,2021-09-08,2022-09-09,8-K,https://www.sec.gov/Archives/edgar/data/1514991/000151499121000051/amcx-20210823.htm
AMCX,AMC Global Media Inc.,Christina Spade,2022-09-09,2022-11-28,8-K,https://www.sec.gov/Archives/edgar/data/1514991/000151499122000025/amcx-20220803.htm
AMCX,AMC Global Media Inc.,Kristin Dolan,2023-02-27,Present,8-K,https://www.sec.gov/Archives/edgar/data/1514991/000151499123000004/amcx-20230215.htm
AMLX,"Amylyx Pharmaceuticals, Inc.",Joshua Cohen,,Present,SEC DEF 14A,https://www.sec.gov/Archives/edgar/data/1658551/000095017023015261/amlx-def14a-2023-proxy.htm
AMN,AMN HEALTHCARE SERVICES INC,Susan R. Salka,2005-05-04,2022-11-28,8-K,https://www.sec.gov/Archives/edgar/data/1142750/000095014222000990/eh220232786_8k.htm
AMN,AMN HEALTHCARE SERVICES INC,Cary Grace,2022-11-28,Present,8-K,https://www.sec.gov/Archives/edgar/data/1142750/000095014222003000/eh220300407_8k.htm
AMPH,"Amphastar Pharmaceuticals, Inc.",Jack Yongfeng Zhang,Unknown,Present,Wikipedia (scraped),https://en.wikipedia.org/wiki/Amphastar_Pharmaceuticals
AMPL,"Amplitude, Inc.",Spenser Skates,2014-01-01,Present,Wikipedia (scraped),https://en.wikipedia.org/wiki/Amplitude%2C_Inc.
AMPX,"Amprius Technologies, Inc.",Kang Sun,,2025-12-31,8-K,https://www.sec.gov/Archives/edgar/data/1899287/000189928725000048/ampx-20251218.htm
AMPX,"Amprius Technologies, Inc.",Tom Stepien,2026-01-01,Present,8-K,https://www.sec.gov/Archives/edgar/data/1899287/000189928725000048/ampx-20251218.htm
AMR,"Alpha Metallurgical Resources, Inc.",Kevin S. Crutchfield,,2019-05-06,8-K,https://www.sec.gov/Archives/edgar/data/1704715/000095010319004996/dp105373_8k.htm
AMR,"Alpha Metallurgical Resources, Inc.",Andy Eidson,2019-05-06,2019-05-07,Wikipedia (scraped),https://en.wikipedia.org/wiki/Alpha_Metallurgical_Resources
AMR,"Alpha Metallurgical Resources, Inc.",Charles Andrew Eidson,2019-05-07,2019-07-29,8-K,https://www.sec.gov/Archives/edgar/data/1704715/000095010319005037/dp105429_8k.htm
AMR,"Alpha Metallurgical Resources, Inc.",David J. Stetson,2019-07-29,Present,8-K,https://www.sec.gov/Archives/edgar/data/1704715/000095010319009801/dp110259_8k.htm
AMRX,"Amneal Pharmaceuticals, Inc.",Chirag Patel,2019-08-01,Present,Wikipedia (scraped),https://en.wikipedia.org/wiki/Amneal_Pharmaceuticals
AMSC,AMERICAN SUPERCONDUCTOR CORP /DE/,Gregory J. Yurek,,2011-06-01,8-K,https://www.sec.gov/Archives/edgar/data/880807/000095012311053517/b86731e8vk.htm
AMSC,AMERICAN SUPERCONDUCTOR CORP /DE/,Daniel P. McGahn,2011-06-01,Present,8-K,https://www.sec.gov/Archives/edgar/data/880807/000095012311053517/b86731e8vk.htm
AMSF,AMERISAFE INC,G. Janelle Frost,2015-04-01,Present,8-K,https://www.sec.gov/Archives/edgar/data/1018979/000119312515078858/d884900d8k.htm
AMTB,Amerant Bancorp Inc.,Millar Wilson,,,8-K,https://www.sec.gov/Archives/edgar/data/1734342/000119312521012932/d102682d8k.htm
AMTB,Amerant Bancorp Inc.,Jerry Plush,,2021-07-01,8-K,https://www.sec.gov/Archives/edgar/data/1734342/000173434225000069/amtb-20251104.htm
AMTB,Amerant Bancorp Inc.,Gerald P. Plush,2021-07-01,2025-11-05,8-K,https://www.sec.gov/Archives/edgar/data/1734342/000173434221000044/amtb-20210609.htm
AMTB,Amerant Bancorp Inc.,Carlos Iafigliola,2025-11-05,Present,8-K,https://www.sec.gov/Archives/edgar/data/1734342/000173434225000069/amtb-20251104.htm
AMWD,AMERICAN WOODMARK CORP,Jake Gosa,,2007-08-23,8-K,https://www.sec.gov/Archives/edgar/data/794619/000079461907000130/awc8k112007agreements.htm
AMWD,AMERICAN WOODMARK CORP,Kent B. Guichard,2007-08-23,2015-08-26,8-K,https://www.sec.gov/Archives/edgar/data/794619/000079461907000038/awc8k053007.htm
AMWD,AMERICAN WOODMARK CORP,S. Cary Dunston,2015-08-26,2020-07-09,8-K,https://www.sec.gov/Archives/edgar/data/794619/000079461915000078/amwd-0529158kceo.htm
AMWD,AMERICAN WOODMARK CORP,M. Scott Culbreth,2020-07-09,Present,8-K,https://www.sec.gov/Archives/edgar/data/794619/000079461920000049/amwd-0714208kleadershi.htm
ANAB,"ANAPTYSBIO, INC",Hamza Suria,,2022-03-20,8-K,https://www.sec.gov/Archives/edgar/data/1370053/000137005322000017/anab-20220320.htm
ANAB,"ANAPTYSBIO, INC",Daniel Faga,2022-03-21,Present,8-K,https://www.sec.gov/Archives/edgar/data/1370053/000137005322000017/anab-20220320.htm
ANDE,"Andersons, Inc.",Michael J. Anderson,2009-01-01,2015-11-02,8-K,https://www.sec.gov/Archives/edgar/data/821026/000082102615000050/a8-kappointmentofofficer.htm
ANDE,"Andersons, Inc.",Patrick E. Bowe,2015-11-02,2024-10-01,8-K,https://www.sec.gov/Archives/edgar/data/821026/000082102615000050/a8-kappointmentofofficer.htm
ANDE,"Andersons, Inc.",William E. Krueger,2024-10-01,Present,8-K,https://www.sec.gov/Archives/edgar/data/821026/000082102624000202/ande-20240815.htm
ANF,ABERCROMBIE & FITCH CO /DE/,Jonathan E. Ramsden,,1992-01-01,8-K,https://www.sec.gov/Archives/edgar/data/1018840/000101884016000099/a6-16x168xkxinterimprincip.htm
ANF,ABERCROMBIE & FITCH CO /DE/,Michael S. Jeffries,1992-01-01,2014-12-08,8-K,https://www.sec.gov/Archives/edgar/data/1018840/000101884014000076/form8-kmichaeljeffriesreti.htm
ANF,ABERCROMBIE & FITCH CO /DE/,Fran Horowitz,2017-02-01,Present,8-K,https://www.sec.gov/Archives/edgar/data/1018840/000101884017000005/a2-21x20178xk.htm
ANGI,Angi Inc.,William B. Ridenour,,2017-10-02,8-K,https://www.sec.gov/Archives/edgar/data/1705110/000110465921027884/tm217844d1_8k.htm
ANGI,Angi Inc.,Christopher Terrill,2017-10-02,2018-11-08,8-K,https://www.sec.gov/Archives/edgar/data/1705110/000110465917060061/a17-22578_28k.htm
ANGI,Angi Inc.,Brandon Ridenour,2018-11-08,2021-02-24,8-K,https://www.sec.gov/Archives/edgar/data/1705110/000110465918067027/a18-39702_18ka.htm
ANGI,Angi Inc.,Oisin Hanrahan,2021-02-24,2022-10-10,8-K,https://www.sec.gov/Archives/edgar/data/1705110/000110465921027884/tm217844d1_8k.htm
ANGI,Angi Inc.,Joseph Levin,2022-10-10,2024-04-08,8-K,https://www.sec.gov/Archives/edgar/data/1705110/000110465922107473/tm2227978d1_8k.htm
ANGI,Angi Inc.,Jeffrey W. Kip,2024-04-08,Present,8-K,https://www.sec.gov/Archives/edgar/data/1705110/000110465924044820/tm2411363d1_8k.htm
ANGO,ANGIODYNAMICS INC,Eamonn P. Hobbs,,2009-03-01,8-K,https://www.sec.gov/Archives/edgar/data/1275187/000134100409000176/form8k.htm
ANGO,ANGIODYNAMICS INC,Jan Keltjens,2009-03-01,2011-06-08,8-K,https://www.sec.gov/Archives/edgar/data/1275187/000134100409000176/form8k.htm
ANGO,ANGIODYNAMICS INC,Scott J. Solano,2011-06-13,2011-09-07,8-K,https://www.sec.gov/Archives/edgar/data/1275187/000091412111000172/an23109808-8k.htm
ANGO,ANGIODYNAMICS INC,Joseph M. DeVivo,2011-09-07,2016-03-31,8-K,https://www.sec.gov/Archives/edgar/data/1275187/000091412111000249/an23931090-8k.htm
ANGO,ANGIODYNAMICS INC,James C. Clemmer,2016-04-04,Present,8-K,https://www.sec.gov/Archives/edgar/data/1275187/000091412116001069/an35192888-8k.htm
ANIK,"Anika Therapeutics, Inc.",Charles H. Sherwood,,2018-03-09,8-K,https://www.sec.gov/Archives/edgar/data/898437/000117184318001789/f8k_030818.htm
ANIK,"Anika Therapeutics, Inc.",Joseph G. Darling,2018-03-09,2020-01-29,8-K,https://www.sec.gov/Archives/edgar/data/898437/000117184318001789/f8k_030818.htm
ANIK,"Anika Therapeutics, Inc.",Cheryl R. Blanchard,2020-02-10,2026-02-01,8-K,https://www.sec.gov/Archives/edgar/data/898437/000117184320000991/f8k_021420.htm
ANIK,"Anika Therapeutics, Inc.",Steve Griffin,2026-02-01,Present,8-K,https://www.sec.gov/Archives/edgar/data/898437/000119312526007655/d136217d8k.htm
ANIP,ANI PHARMACEUTICALS INC,Stephen M. Simes,,2013-06-19,8-K,https://www.sec.gov/Archives/edgar/data/1023024/000110465913050539/a13-15313_18k.htm
ANIP,ANI PHARMACEUTICALS INC,Arthur S. Przybyl,2013-06-19,2020-05-10,8-K,https://www.sec.gov/Archives/edgar/data/1023024/000110465913050539/a13-15313_18k.htm
ANIP,ANI PHARMACEUTICALS INC,Patrick D. Walsh,2020-05-11,2020-09-08,8-K,https://www.sec.gov/Archives/edgar/data/1023024/000110465920057797/tm2018886d1_8k.htm
ANIP,ANI PHARMACEUTICALS INC,Nikhil Lalwani,2020-09-08,Present,8-K,https://www.sec.gov/Archives/edgar/data/1023024/000110465920089648/tm2026323d1_8k.htm
ANNX,"Annexon, Inc.",Douglas Love,,Present,SEC DEF 14A,https://www.sec.gov/Archives/edgar/data/1528115/000114036126017085/ny20063060x2_def14a.htm
AOMR,"Angel Oak Mortgage REIT, Inc.",Robert Williams,,2022-09-28,8-K,https://www.sec.gov/Archives/edgar/data/1766478/000176647822000106/aomr-20220928.htm
AOMR,"Angel Oak Mortgage REIT, Inc.",Sreeniwas Prabhu,2022-09-28,Present,8-K,https://www.sec.gov/Archives/edgar/data/1766478/000176647822000106/aomr-20220928.htm
AORT,"ARTIVION, INC.",Steven G. Anderson,1984-01-01,2014-09-02,8-K,https://www.sec.gov/Archives/edgar/data/784199/000078419914000010/c199-20140711x8k.htm
AORT,"ARTIVION, INC.",James Patrick Mackin,2014-09-02,Present,8-K,https://www.sec.gov/Archives/edgar/data/784199/000078419914000010/c199-20140711x8k.htm
AOSL,ALPHA & OMEGA SEMICONDUCTOR Ltd,Mike F. Chang,,2023-03-01,8-K,https://www.sec.gov/Archives/edgar/data/1387467/000117184313000112/document.htm
AOSL,ALPHA & OMEGA SEMICONDUCTOR Ltd,Stephen Chang,2023-03-01,Present,8-K,https://www.sec.gov/Archives/edgar/data/1387467/000138746722000099/aosl-20221206.htm
AOUT,"American Outdoor Brands, Inc.",P. James Debney,2011-01-01,2020-01-01,Wikipedia (scraped),https://en.wikipedia.org/wiki/American_Outdoor_Brands
AOUT,"American Outdoor Brands, Inc.",Mark Smith,2020-01-01,2020-01-01,Wikipedia (scraped),https://en.wikipedia.org/wiki/American_Outdoor_Brands
AOUT,"American Outdoor Brands, Inc.",Brian Murphy,2020-01-01,Present,Wikipedia (scraped),https://en.wikipedia.org/wiki/American_Outdoor_Brands
APAM,Artisan Partners Asset Management Inc.,Eric R. Colson,,2025-06-04,8-K,https://www.sec.gov/Archives/edgar/data/1517302/000151730225000020/apam-20250303.htm
APAM,Artisan Partners Asset Management Inc.,Jason A. Gottlieb,2025-06-04,Present,8-K,https://www.sec.gov/Archives/edgar/data/1517302/000151730225000020/apam-20250303.htm
APEI,AMERICAN PUBLIC EDUCATION INC,Wallace E. Boston,2004-06-01,2019-09-23,8-K,https://www.sec.gov/Archives/edgar/data/1201792/000114420419041031/tv528124_8k.htm
APEI,AMERICAN PUBLIC EDUCATION INC,Angela Selden,2019-09-23,Present,8-K,https://www.sec.gov/Archives/edgar/data/1201792/000114420419041031/tv528124_8k.htm
APLD,Applied Digital Corp.,Wes Cummins,,Present,SEC DEF 14A,https://www.sec.gov/Archives/edgar/data/1144879/000149315224042122/formdef14a.htm
APLE,"Apple Hospitality REIT, Inc.",Glade M. Knight,1999-01-01,2014-05-01,8-K,https://www.sec.gov/Archives/edgar/data/1418121/000118518514001398/applehospitality8k052014.htm
APLE,"Apple Hospitality REIT, Inc.",Justin G. Knight,2014-05-01,Present,8-K,https://www.sec.gov/Archives/edgar/data/1418121/000118518514002728/applehospitalityreit8k101514.htm
APOG,"APOGEE ENTERPRISES, INC.",Russell Huffer,,2011-08-22,8-K,https://www.sec.gov/Archives/edgar/data/6845/000119312511010563/d8k.htm
APOG,"APOGEE ENTERPRISES, INC.",Joseph F. Puishys,2011-08-22,2021-01-04,8-K,https://www.sec.gov/Archives/edgar/data/6845/000119312511213562/d8k.htm
APOG,"APOGEE ENTERPRISES, INC.",Ty R. Silberhorn,2021-01-04,2025-10-31,8-K,https://www.sec.gov/Archives/edgar/data/6845/000119312520322129/d14167d8k.htm
APOG,"APOGEE ENTERPRISES, INC.",Donald A. Nolan,2025-10-31,Present,8-K,https://www.sec.gov/Archives/edgar/data/6845/000162828025049600/apog-20251030.htm
APPN,APPIAN CORP,Matthew Calkins,1999-01-01,Present,Wikipedia (scraped),https://en.wikipedia.org/wiki/Appian_Corporation
APPS,"Digital Turbine, Inc.",Robert S. Ellin,2005-02-08,2008-03-07,8-K,https://www.sec.gov/Archives/edgar/data/317788/000114420405009236/v015300_8k.txt
APPS,"Digital Turbine, Inc.",Bruce Stein,2008-03-07,2009-01-12,8-K,https://www.sec.gov/Archives/edgar/data/317788/000114420408014821/v106678_8k.htm
APPS,"Digital Turbine, Inc.",Paul Schaeffer,2010-03-18,2010-04-05,8-K,https://www.sec.gov/Archives/edgar/data/317788/000114420410015342/v178462_8k.htm
APPS,"Digital Turbine, Inc.",Peter Adderton,2011-06-27,Present,8-K,https://www.sec.gov/Archives/edgar/data/317788/000114420411039861/v228281_8k.htm
AQST,"Aquestive Therapeutics, Inc.",Keith J. Kendall,,2022-05-17,8-K,https://www.sec.gov/Archives/edgar/data/1398733/000114036122019590/brhc10037837_8k.htm
AQST,"Aquestive Therapeutics, Inc.",Daniel Barber,2022-05-17,Present,8-K,https://www.sec.gov/Archives/edgar/data/1398733/000114036122019590/brhc10037837_8k.htm
ARAY,ACCURAY INC,Euan S. Thomson,,2012-10-11,8-K,https://www.sec.gov/Archives/edgar/data/1138723/000110465912069689/a12-24383_28k.htm
ARAY,ACCURAY INC,Joshua H. Levine,2012-10-12,2022-06-30,8-K,https://www.sec.gov/Archives/edgar/data/1138723/000110465912069689/a12-24383_28k.htm
ARAY,ACCURAY INC,Suzanne Winter,2022-07-01,2024-09-03,8-K,https://www.sec.gov/Archives/edgar/data/1138723/000119312522123616/d329232d8k.htm
ARAY,ACCURAY INC,Sandeep Chalke,2024-09-03,2025-10-20,8-K,https://www.sec.gov/Archives/edgar/data/1138723/000119312524212084/d822972d8k.htm
ARAY,ACCURAY INC,Stephen La Neve,2025-10-20,Present,8-K,https://www.sec.gov/Archives/edgar/data/1138723/000119312525243143/d58913d8k.htm
ARCB,ARCBEST CORP /DE/,Robert A. Young III,,2006-01-31,8-K,https://www.sec.gov/Archives/edgar/data/894405/000095013405019958/d29737e8vk.htm
ARCB,ARCBEST CORP /DE/,Robert A. Young,2006-01-31,2006-02-01,8-K,https://www.sec.gov/Archives/edgar/data/894405/000095013406001451/d32496e8vk.htm
ARCB,ARCBEST CORP /DE/,Robert A. Davidson,2006-02-01,2009-12-31,8-K,https://www.sec.gov/Archives/edgar/data/894405/000095013405019958/d29737e8vk.htm
ARCB,ARCBEST CORP /DE/,Judy R. McReynolds,2010-01-01,2025-12-31,8-K,https://www.sec.gov/Archives/edgar/data/894405/000095012309052406/d69739e8vk.htm
ARCB,ARCBEST CORP /DE/,Seth Runser,2026-01-01,Present,8-K,https://www.sec.gov/Archives/edgar/data/894405/000155837025009272/arcb-20250717x8k.htm
ARCT,Arcturus Therapeutics Holdings Inc.,Joseph Payne,2013-01-01,Present,Wikipedia (scraped),https://en.wikipedia.org/wiki/Arcturus_Therapeutics
ARDT,"Ardent Health, Inc.",David T. Vandewater,Unknown,2020-08-01,Wikipedia (scraped),https://en.wikipedia.org/wiki/Ardent_Health_Services
ARDT,"Ardent Health, Inc.",Martin J. Bonick,2020-08-01,Present,Wikipedia (scraped),https://en.wikipedia.org/wiki/Ardent_Health_Services
ARDX,"ARDELYX, INC.",Michael Raab,,Present,SEC DEF 14A,https://www.sec.gov/Archives/edgar/data/1437402/000114036126017800/ny20065368x1_def14a.htm
AREN,"Arena Group Holdings, Inc.",Ramesh C. Trivedi,,2007-07-16,8-K,https://www.sec.gov/Archives/edgar/data/894871/000114420407037331/v081428_8k.htm
AREN,"Arena Group Holdings, Inc.",Pule Molebeledi,2007-07-16,2007-07-18,Wikipedia (scraped),https://en.wikipedia.org/wiki/Arena_Holdings
AREN,"Arena Group Holdings, Inc.",Peter B. Mills,2007-07-18,2008-04-25,8-K,https://www.sec.gov/Archives/edgar/data/894871/000114420407037331/v081428_8k.htm
AREN,"Arena Group Holdings, Inc.",Christopher A. Marlett,2008-04-25,2016-11-07,8-K,https://www.sec.gov/Archives/edgar/data/894871/000095013608002087/file1.htm
AREN,"Arena Group Holdings, Inc.",James C. Heckman,2016-11-07,2020-08-26,8-K,https://www.sec.gov/Archives/edgar/data/894871/000114420416131889/v452130_8k.htm
AREN,"Arena Group Holdings, Inc.",Ross Levinsohn,2020-08-26,2023-12-11,8-K,https://www.sec.gov/Archives/edgar/data/894871/000149315220016832/form8-k.htm
AREN,"Arena Group Holdings, Inc.",Manoj Bhargava,2023-12-11,2024-01-04,8-K,https://www.sec.gov/Archives/edgar/data/894871/000149315223045041/form8-k.htm
AREN,"Arena Group Holdings, Inc.",Cavitt Randall,2024-02-13,2024-04-19,8-K,https://www.sec.gov/Archives/edgar/data/894871/000149315224006754/form8-k.htm
AREN,"Arena Group Holdings, Inc.",Sara Silverstein,2024-04-19,2025-02-12,8-K,https://www.sec.gov/Archives/edgar/data/894871/000149315224015969/form8-k.htm
AREN,"Arena Group Holdings, Inc.",Paul Edmondson,2025-02-12,Present,8-K,https://www.sec.gov/Archives/edgar/data/894871/000149315225007581/form8-k.htm
ARHS,"Arhaus, Inc.",John Reed,Unknown,Present,Wikipedia (scraped),https://en.wikipedia.org/wiki/Arhaus
ARI,"Apollo Commercial Real Estate Finance, Inc.",Joseph F. Azrack,,2012-03-15,8-K,https://www.sec.gov/Archives/edgar/data/1467760/000119312512086530/d309395d8k.htm
ARI,"Apollo Commercial Real Estate Finance, Inc.",Stuart A. Rothstein,2012-03-15,Present,8-K,https://www.sec.gov/Archives/edgar/data/1467760/000119312512086530/d309395d8k.htm
ARKO,ARKO Corp.,Arie Kotler,,Present,SEC DEF 14A,https://www.sec.gov/Archives/edgar/data/1823794/000119312526162839/arko-20260419.htm
ARL,AMERICAN REALTY INVESTORS INC,Daniel J. Moos,2010-03-01,2020-08-14,8-K,https://www.sec.gov/Archives/edgar/data/1102238/000101054920000175/americanrealty8k.htm
ARL,AMERICAN REALTY INVESTORS INC,Bradley J. Muth,2021-12-16,2023-04-14,8-K,https://www.sec.gov/Archives/edgar/data/1102238/000101054921000274/ari8k121521.htm
ARL,AMERICAN REALTY INVESTORS INC,Erik L. Johnson,2024-05-28,Present,8-K,https://www.sec.gov/Archives/edgar/data/1102238/000121465924010129/g5282428k.htm
