ticker,cik
AAMI,0001748824
AAOI,0001158114
AAP,0001158449
AARD,0001774857
AAT,0001500217
ABAT,0001576873
ABCB,0000351569
ABEO,0000318306
ABG,0001144980
ABM,0000771497
ABR,0001253986
ABSI,0001672688
ABUS,0001447028
ABX,0001814287
ACA,0001739445
ACAD,0001070494
ACCO,0000712034
ACDC,0001881487
ACEL,0001698991
ACH,0000075252
ACHR,0001824502
ACIC,0001401521
ACIW,0000935036
ACLS,0001113232
ACMR,0001680062
ACNB,0000715579
ACNT,0000095953
ACR,0001332551
ACRE,0001529377
ACRS,0001557746
ACT,0001823529
ACTG,0000934549
ACTU,0001652935
ACU,0000002098
ACVA,0001637873
ADAM,0001273685
ADCT,0001771910
ADEA,0001803696
ADMA,0001368514
ADNT,0001670541
ADPT,0001478320
ADRO,0001191398
ADTN,0000926282
ADUS,0001468328
ADV,0001776661
AEBI,0002048519
AEHR,0001040470
AEIS,0000927003
AEO,0000919012
AESI,0001984060
AEVA,0001789029
AEYE,0001362190
AFRI,0001903870
AGIO,0001439222
AGL,0001831097
AGM,0000845877
AGX,0000100591
AGYS,0000078749
AHCO,0001725255
AHR,0001632970
AHRT,0001569187
AI,0001577526
AII,0002007587
AIN,0000819793
AIOT,0001774170
AIP,0001667011
AIR,0000001750
AIRJ,0001855474
AIRO,0001927958
AIRS,0001870940
AISP,0001842566
AKBA,0001517022
AKE,0001517022
AKR,0000899629
AKTS,0002035832
ALCO,0000003545
ALDX,0001341235
ALEC,0001653087
ALG,0000897077
ALGT,0001362468
ALH,0001317685
ALHC,0001832466
ALIT,0001809104
ALKS,0001520262
ALKT,0001529274
ALLO,0001737287
ALMS,0001847367
ALMU,0001828805
ALNT,0000046129
ALRM,0001459200
ALRS,0000903419
ALT,0001326190
ALTG,0001759824
ALTI,0001838615
ALX,0000003499
AMAL,0001823608
AMBA,0001280263
AMBP,0001845097
AMBQ,0001500412
AMC,0001411579
AMCX,0001514991
AMLX,0001658551
AMN,0001142750
AMPH,0001297184
AMPL,0001866692
AMPX,0001899287
AMR,0001704715
AMRC,0001488139
AMRX,0001723128
AMSC,0000880807
AMSF,0001018979
AMTB,0001734342
AMWD,0000794619
ANAB,0001370053
ANDE,0000821026
ANF,0001018840
ANGI,0001705110
ANGO,0001275187
ANIK,0000898437
ANIP,0001023024
ANNX,0001528115
AOMR,0001766478
AORT,0000784199
AOSL,0001387467
AOUT,0001808997
APAM,0001517302
APEI,0001201792
APGE,0001974640
APLD,0001144879
APLE,0001418121
APOG,0000006845
APPN,0001441683
APPS,0000317788
AQST,0001398733
ARAY,0001138723
ARCB,0000894405
ARCT,0001768224
ARDT,0001756655
ARDX,0001437402
AREN,0000894871
ARHS,0001875444
ARI,0001467760
ARKO,0001823794
ARL,0001102238
ARLO,0001736946
AROC,0001389050
AROW,0000717538
ARQ,0001515156
ARQT,0001787306
ARR,0001428205
ARRY,0001820721
ARVN,0001655759
ARWR,0000879407
ASAN,0001477720
ASB,0000007789
ASC,0001577437
ASIC,0002040491
ASIX,0001673985
ASLE,0001754170
ASO,0001817358
ASPI,0001921865
ASPN,0001145986
ASST,0001920406
ASTE,0000792987
ASTH,0001083446
ASUR,0000884144
ATEC,0001350653
ATEN,0001580808
ATEX,0001304492
ATKR,0001666138
ATLC,0001464343
ATLN,0001605888
ATLO,0001132651
ATMU,0001921963
ATNI,0000879585
ATOM,0001420520
ATRC,0001323885
ATRO,0000008063
ATYR,0001339970
AUB,0000883948
AUPH,0001600620
AURA,0001501796
AVA,0000104918
AVAH,0001832332
AVAV,0001368622
AVBH,0001443575
AVBP,0001868279
AVD,0000005981
AVIR,0001593899
AVNS,0001606498
AVNT,0001122976
AVNW,0001377789
AVO,0001802974
AVPT,0001777921
AVR,0002011514
AVXL,0001314052
AWR,0001056903
AX,0001299709
AXGN,0000805928
AXSM,0001579428
AZTA,0000933974
AZZ,0000008947
BALY,0001747079
BANC,0001169770
BAND,0001514416
BANF,0000760498
BANR,0000946673
BARK,0001819574
BATRA,0001958140
BATRK,0001958140
BBAI,0001836981
BBBY,0001130713
BBCP,0001703956
BBIO,0001743881
BBNX,0001674632
BBSI,0000902791
BBT,0001108134
BBUC,0001654795
BBW,0001113809
BCAL,0001795815
BCAX,0002023658
BCBP,0001228454
BCC,0001328581
BCML,0001730984
BCO,0000078890
BCPC,0000009326
BCRX,0000882796
BDC,0000913142
BDN,0000790816
BE,0001664703
BEAM,0001745999
BEEP,0001847874
BELFA,0000729580
BELFB,0000729580
BETA,0001784570
BETR,0001835856
BFC,0001746109
BFH,0001101215
BFLY,0001804176
BFS,0000907254
BFST,0001624322
BGC,0001094831
BGS,0001278027
BH,0001726173
BHB,0000743367
BHE,0000863436
BHR,0001574085
BHRB,0001964333
BHVN,0001935979
BIOA,0001709941
BIPC,0001788348
BJRI,0001013488
BKD,0001332349
BKE,0000885245
BKH,0001130464
BKKT,0001820302
BKSY,0001753539
BKTI,0000002186
BKU,0001504008
BKV,0001838406
BL,0001666134
BLBD,0001589526
BLFS,0000834365
BLKB,0001280058
BLMN,0001546417
BLND,0001855747
BLX,0000890541
BLZE,0001462056
BMBL,0001830043
BMI,0000009092
BMRC,0001403475
BNED,0001634117
BNL,0001424182
BNTC,0001808898
BOC,0001494582
BOH,0000046195
BOOM,0000034067
BOOT,0001610250
BORR,0001715497
BOW,0002002473
BOX,0001372612
BPRN,0001913971
BRBS,0000842717
BRCB,0002068577
BRCC,0001891101
BRSL,0001619762
BRSP,0001717547
BRT,0000014846
BRZE,0001676238
BSET,0000010329
BSRR,0001130144
BSVN,0001746129
BTBT,0001710350
BTDR,0001899123
BTMD,0001819253
BTSG,0001865782
BTU,0001064728
BULL,0001866364
BUR,0001714174
BUSE,0000314489
BV,0001734713
BVFL,0001302387
BVS,0001665988
BWB,0001341317
BWFG,0001505732
BWIN,0001781755
BWMN,0001847590
BXC,0001301787
BXMT,0001061630
BY,0001702750
BYND,0001655210
BYRN,0001354866
BZAI,0001871638
BZH,0000915840
CABO,0001632127
CAC,0000750686
CADL,0001841387
CAKE,0000887596
CAL,0000014707
CALM,0000016160
CALX,0001406666
CALY,0000837465
CAPR,0001133869
CARE,0001829576
CARG,0001494259
CARL,0001794546
CARS,0001683606
CASH,0000907471
CASS,0000708781
CATX,0000728387
CATY,0000861842
CBAN,0000711669
CBFV,0001605301
CBK,0001981546
CBL,0000910612
CBLL,0001861107
CBNA,0001392272
CBNK,0001419536
CBRL,0001067294
CBT,0000016040
CBU,0000723188
CBZ,0000944148
CC,0001627223
CCB,0001437958
CCBG,0000726601
CCNE,0000736772
CCOI,0001158324
CCRN,0001141103
CCS,0001576940
CCSI,0001866633
CD,0001527762
CDE,0000215466
CDNA,0001217234
CDNL,0002079999
CDP,0000860546
CDRE,0001860543
CDXS,0001200375
CDZI,0000727273
CECO,0000003197
CELC,0001603454
CENT,0000887733
CENTA,0000887733
CENX,0000949157
CERS,0001020214
CEVA,0001173489
CFBK,0001070680
CFFI,0000913341
CFFN,0001490906
CGEM,0001789972
CGON,0001991792
CHCO,0000726854
CHCT,0001631569
CHEF,0001517175
CHMG,0000763563
CHRS,0001512762
CIA,0000024090
CIFR,0001819989
CIM,0001409493
CIVB,0000944745
CIX,0001049606
CLAR,0000913277
CLB,0001958086
CLBK,0001723596
CLDT,0001476045
CLDX,0000744218
CLFD,0000796505
CLMB,0000945983
CLMT,0002013745
CLNE,0001368265
CLOV,0001801170
CLPR,0001649096
CLPT,0001285550
CLSK,0000827876
CLW,0001441236
CMC,0000022444
CMCL,0000766011
CMCO,0001005229
CMDB,0002033535
CMP,0001227654
CMPR,0001262976
CMPX,0001738021
CMRC,0001626450
CMRE,0001503584
CMT,0001026655
CMTG,0001666291
CNDT,0001677703
CNK,0001385280
CNMD,0000816956
CNNE,0001704720
CNO,0001224608
CNOB,0000712771
CNR,0001710366
CNS,0001284812
CNX,0001070412
CNXN,0001050377
COCO,0001482981
CODI,0001345126
COFS,0000803164
COGT,0001622229
COHU,0000021535
COLL,0001267565
COMP,0001563190
CON,0002014596
COOK,0001857853
CORZ,0001839341
COSO,0001297107
COUR,0001651562
CPF,0000701347
CPK,0000019745
CPRI,0001530721
CPRX,0001369568
CPS,0001320461
CPSS,0000889609
CRAI,0001053706
CRC,0001609253
CRCT,0001828962
CRDA,
CRDF,0001213037
CRDO,0001807794
CRGY,0001866175
CRI,0001060822
CRK,0000023194
CRMD,0001410098
CRML,0001951089
CRMT,0000799850
CRNC,0001768267
CRNX,0001658247
CRSP,0001674416
CRSR,0001743759
CRVL,0000874866
CRVS,0001626971
CSGS,0001005757
CSPI,0000356037
CSR,0000798359
CSTL,0001447362
CSTM,0001563411
CSV,0001016281
CSW,0001624794
CTBI,0000350852
CTEV,0001793229
CTGO,0001502377
CTKB,0001831915
CTLP,0000896429
CTO,0000023795
CTOS,0001709682
CTRE,0001590717
CTRI,0001981599
CTRN,0001318484
CTS,0000026058
CUBI,0001488813
CURB,0002027317
CURI,0001776909
CURV,0001792781
CV,0001378325
CVBF,0000354647
CVCO,0000278166
CVGW,0001133470
CVI,0001376139
CVLG,0000928658
CVLT,0001169561
CVRX,0001235912
CVSA,0000730464
CWAN,0001866368
CWBC,0001127371
CWCO,0000928340
CWH,0001669779
CWK,0001628369
CWST,0000911177
CWT,0001035201
CXDO,0001075736
CXM,0001569345
CXW,0001070985
CYH,0001108109
CYRX,0001124524
CYTK,0001061983
CZFS,0000739421
CZNC,0000810958
CZWI,0001367859
DAKT,0000915779
DAN,0000026780
DAVE,0001841408
DBD,0000028823
DBI,0001319947
DBRG,0001679688
DC,0001852353
DCGO,0001822359
DCH,0001062231
DCO,0000030305
DCOM,0000846617
DCTH,0000872912
DDD,0000910638
DEA,0001622194
DEC,0001922446
DEI,0001364250
DERM,0001867066
DFH,0001825088
DFIN,0001669811
DFTX,0001813814
DGICA,0000800457
DGII,0000854775
DH,0001861795
DHC,0001075415
DHT,0001331284
DIN,0000049754
DIOD,0000029002
DJCO,0000783412
DK,0001694426
DLX,0000027996
DMAC,0001401040
DMRC,0001438231
DNA,0001830214
DNLI,0001714899
DNOW,0001599617
DNTH,0001690585
DNUT,0001857154
DOCN,0001582961
DOLE,0001857475
DOMO,0001505952
DORM,0000868780
DOUG,0001878897
DRH,0001298946
DRUG,0001827401
DRVN,0001804745
DSGN,0001807120
DSGR,0000703604
DSP,0001828791
DX,0000826675
DXPE,0001020710
DY,0000067215
DYN,0001818794
EAT,0000703351
EBC,0001810546
EBF,0000033002
EBMT,0001478454
EBS,0001367644
ECBK,0001914605
ECPG,0001084961
ECVT,0001708035
EDIT,0001650664
EE,0001888447
EEX,0001579214
EFC,0001411342
EFOR,0000890564
EFSC,0001025835
EFSI,0000880641
EGAN,0001066194
EGBN,0001050441
EGHT,0001023731
EGY,0000894627
EHAB,0001803737
EHTH,0001333493
EIG,0001379041
ELA,0000701719
ELDN,0001404281
ELMD,0001488917
ELVN,0001672619
EMBC,0001872789
EML,0000031107
ENOV,0001420800
ENR,0001632790
ENS,0001289308
ENSG,0001125376
ENTA,0001177648
ENVA,0001529864
ENVX,0001828318
EOLS,0001570562
EOSE,0001805077
EP,0000887396
EPAC,0000006955
EPC,0001096752
EPM,0001006655
EPRT,0001728951
EPSN,0001726126
EQBK,0001227500
ERAS,0001761918
ERII,0001421517
ESCA,0000033488
ESE,0000866706
ESNT,0001448893
ESOA,0001357971
ESPR,0001434868
ESQ,0001531031
ESRT,0001541401
ETD,0000896156
ETON,0001710340
EU,0001500881
EVC,0001109116
EVCM,0001853145
EVER,0001640428
EVEX,0001823652
EVGO,0001821159
EVH,0001628908
EVI,0000065312
EVLV,0001805385
EVMN,0002044725
EVTC,0001559865
EWCZ,0001856236
EWTX,0001710072
EXFY,0001476840
EXPI,0001495932
EXPO,0000851520
EXTR,0001078271
EYE,0001710155
EYPT,0001314102
FA,0001210677
FATE,0001434316
FBIZ,0001521951
FBK,0001649749
FBLA,0002013639
FBNC,0000811589
FBP,0001057706
FBRT,0001562528
FBYD,0001937987
FC,0000886206
FCAP,0001070296
FCBC,0000859070
FCCO,0000932781
FCF,0000712537
FCFS,0000840489
FCPT,0001650132
FDBC,0001098151
FDMT,0001650648
FDP,0001047340
FEIM,0000039020
FELE,0000038725
FENC,0001211583
FET,0001401257
FF,0001337298
FFAI,0001805521
FFBC,0000708955
FFIC,0000923139
FFIN,0000036029
FG,0001934850
FHTX,0001822462
FIBK,0000860413
FIGS,0001846576
FIHL,0001636639
FINW,0001856365
FIP,0001899883
FISI,0000862831
FIVN,0001288847
FIZZ,0000069891
FLG,0000910073
FLGT,0001674930
FLNC,0001868941
FLNG,0001772253
FLOC,0002035149
FLR,0001124198
FLWS,0001084869
FLXS,0000037472
FLY,0001860160
FLYW,0001580560
FMAO,0000792966
FMBH,0000700565
FMNB,0000709337
FN,0001408710
FNKO,0001704711
FNLC,0000765207
FNWD,0000919864
FOA,0001828937
FOR,0001406587
FORM,0001039399
FORR,0001023313
FOXF,0001424929
FPI,0001591670
FRAF,0000723646
FRBA,
FRD,0000039092
FRME,0000712534
FRPH,0000844059
FRSH,0001544522
FRST,0001325670
FSBC,0001275168
FSBW,0001530249
FSLY,0001517413
FSP,0001031316
FSS,0000277509
FSTR,0000352825
FSUN,0001709442
FTDR,0001727263
FTK,0000928054
FTLF,0001374328
FTRE,0001965040
FUBO,0001484769
FUL,0000039368
FULC,0001680581
FULT,0000700564
FUN,0001999001
FUNC,0000763907
FVCB,0001675644
FVR,0001988494
FWRD,0000912728
FWRG,0001789940
FXNC,0000719402
GABC,0000714395
GAIA,0001089872
GAMB,0001839799
GATX,0000040211
GBCI,0000868671
GBFH,0001791145
GBTG,0001820872
GBX,0000923120
GCBC,0001070524
GCMG,0001819796
GCO,0000018498
GCT,0001857816
GDOT,0001386278
GDYN,0001743725
GEF,0000043920
GEFB,
GENC,0000064472
GENI,0001834489
GEO,0000923796
GERN,0000886744
GETY,0001898496
GEVO,0001392380
GFF,0000050725
GH,0001576280
GHC,0000104889
GHM,0000716314
GIC,0000945114
GIII,0000821002
GKOS,0001192448
GLNG,0001207179
GLRE,0001385613
GLSI,0001799788
GLUE,0001826457
GNE,0001528356
GNK,0001326200
GNL,0001526113
GNW,0001276520
GO,0001771515
GOCO,0001808220
GOGO,0001537054
GOLD,0001591588
GOLF,0001672013
GOOD,0001234006
GOSS,0001728117
GPGI,0001823144
GPI,0001031203
GPOR,0000874499
GPRE,0001309402
GRAL,0001699031
GRBK,0001373670
GRC,0000042682
GRDN,0001802255
GRND,0001820144
GRNT,0001928446
GRPN,0001490281
GSAT,0001366868
GSBC,0000854560
GSHD,0001726978
GSM,0001639877
GT,0000042582
GTLS,0000892553
GTN,0000043196
GTX,0001735707
GTXI,
GTY,0001052752
GVA,0000861459
GWRS,0001434728
GYRE,0001124105
HAE,0000313143
HAFC,0001109242
HAIN,0000910406
HASI,0001561894
HBB,0001709164
HBCP,0001436425
HBNC,0000706129
HBT,0000775215
HCAT,0001636422
HCC,0001691303
HCI,0001400810
HCKT,0001057379
HCSG,0000731012
HDSN,0000925528
HE,0000354707
HELE,0000916789
HFFG,0001680873
HFWA,0001046025
HG,0001593275
HGV,0001674168
HIFS,0001934563
HIMS,0001773751
HIPO,0001828105
HL,0000719413
HLF,0001180262
HLIO,0001024795
HLIT,0000851310
HLLY,0001822928
HLMN,0001822492
HLX,0000866829
HMN,0000850141
HNI,0000048287
HNRG,0000788965
HNST,0001530979
HNVR,0001828588
HOMB,0001331520
HOPE,0001128361
HOV,0000357294
HP,0000046765
HPK,0001792849
HPP,0001482512
HQI,0001140102
HQY,0001428336
HRI,0001364479
HRMY,0001802665
HROW,0001360214
HRTG,0001598665
HRTX,0000818033
HSHP,0001959455
HSTM,0001095565
HTB,0001538263
HTFL,0001464521
HTH,0001265131
HTLD,0000799233
HTO,0000766829
HTZ,0001657853
HUBG,0000940942
HUMA,0001818382
HURA,0001498382
HURN,0001289848
HUT,0001964789
HVT,0000216085
HWBK,0000893847
HWC,0000750577
HWKN,0000046250
HY,0001173514
HYLN,0001759631
HZO,0001057060
IART,0000917520
IBCP,0000039311
IBEX,0001720420
IBOC,0000315709
IBP,0001580905
IBRX,0001326110
IBTA,0001538379
ICFI,0001362004
ICHR,0001652535
ICUI,0000883984
IDCC,0001405495
IDR,0001030192
IDT,0001005731
IDYA,0001676725
IE,0001879016
IESC,0001048268
IHRT,0001400891
III,0001371489
IIIN,0000764401
IIIV,0001728688
IIPR,0001677576
IKT,0001750149
ILPT,0001717307
IMAX,0000921582
IMKTA,0000050493
IMMR,0001058811
IMNM,0001472012
IMVT,0001764013
IMXI,0001683695
INBK,0001562463
INBX,0002007919
INDB,0000776901
INDI,0001841925
INDV,0001625297
INGN,0001294133
INH,0001909688
INMB,0001711754
INN,0001497645
INNV,0001834376
INOD,0000903651
INR,0002029118
INSE,0001615063
INSG,0001022652
INSW,0001679049
INTA,0001565687
INV,0002001557
INVA,0001080014
INVX,0001042893
IONQ,0001824920
IOSP,0001054905
IOVA,0001425205
IPAR,0000822663
IPI,0001421461
IRMD,0001325618
IRON,0001816736
IRT,0001466085
IRTC,0001388658
IRWD,0001446847
ISPR,0001948455
ISTR,0001602658
ITGR,0001114483
ITIC,0000720858
ITRI,0000780571
IVR,0001437071
IVT,0001307748
JACK,0000807882
JAKK,0001009829
JANX,0001817713
JBGS,0001689796
JBI,0001839839
JBIO,0001798749
JBLU,0001158463
JBSS,0000880117
JBTM,0001433660
JCAP,0002046042
JELD,0001674335
JILL,0001687932
JJSF,0000785956
JMSB,0001710482
JOBY,0001819848
JOE,0000745308
JOUT,0000788329
JRVR,0001620459
JXN,0001822993
JYNT,0001612630
KAI,0000886346
KALU,0000811596
KALV,0001348911
KBH,0000795266
KE,0001606757
KELYA,0000055135
KFRC,0000930420
KFS,0001072627
KFY,0000056679
KG,0002055116
KGEI,0001477081
KGS,0001767042
KIDS,0001425450
KINS,0000033992
KLC,0001873529
KLIC,0000056978
KLTR,0001432133
KMT,0000055242
KMTS,0001877184
KN,0001587523
KNF,0001955520
KNTK,0001692787
KOD,0001468748
KODK,0000031235
KOP,0001315257
KOPN,0000771266
KOS,0001509991
KREF,0001631596
KRG,0001286043
KRMD,0000704440
KRNY,0001617242
KRO,0001257640
KROS,0001664710
KRRO,0001703647
KRT,0001758021
KRUS,0001772177
KRYS,0001711279
KSS,0000885639
KTB,0001760965
KTOS,0001069258
KULR,0001662684
KURA,0001422143
KW,0001408100
KWR,0000081362
KYMR,0001815442
LAB,0001162194
LADR,0001577670
LAKE,0000798081
LAND,0001495240
LARK,0001141688
LASR,0001124796
LAUR,0000912766
LAW,0001625641
LBRT,0001694028
LBRX,0001691082
LC,0001409970
LCII,0000763744
LCNB,0001074902
LDI,0001831631
LE,0000799288
LEG,0000058492
LEGH,0001436208
LENZ,0001815776
LEU,0001065059
LFCR,0001005286
LFMD,0000948320
LFST,0001845257
LFT,0001547546
LFVN,0000849146
LGIH,0001580670
LGN,0002052568
LGND,0000886163
LIF,0001581760
LILA,0001712184
LILAK,0001712184
LINC,0001286613
LIND,0001512499
LION,0002052959
LIVN,0001639691
LKFN,0000721994
LMAT,0001158895
LMB,0001606163
LMND,0001691421
LMNR,0001342423
LMRI,0002071288
LNN,0000836157
LNSR,0001320350
LNTH,0001521036
LOB,0001462120
LOCO,0001606366
LOVE,0001701758
LPG,0001596993
LPRO,0001806201
LQDA,0001819576
LQDT,0001235468
LRMR,0001374690
LRN,0001157408
LTBR,0001084554
LTC,0000887905
LTH,0001869198
LUCD,0001799011
LUMN,0000018926
LUNG,0001127537
LUNR,0001844452
LVWR,0001898795
LWAY,0000814586
LXEO,0001907108
LXFR,0001096056
LXP,0000910108
LXU,0000060714
LYTS,0000763532
LZ,0001286139
LZB,0000057131
LZM,0001958217
MAC,0000912242
MAGN,0000041719
MAMA,0001520358
MARA,0001507605
MASS,0001555279
MATV,0001000623
MATW,0000063296
MATX,0000003453
MAX,0001818383
MAZE,0001842295
MBC,0001941365
MBI,0000814585
MBIN,0001629019
MBUU,0001590976
MBWM,0001042729
MBX,0001776111
MC,0001596967
MCB,0001476034
MCBS,0001747068
MCFT,0001638290
MCHB,0001518715
MCRI,0000907242
MCS,0000062234
MCW,0001853513
MCY,0000064996
MD,0000893949
MDGL,0001157601
MDV,0001645873
MDWD,0001593984
MDXG,0001376339
MEC,0001766368
MED,0000910329
MEI,0000065270
METC,0001687187
MFA,0001055160
MFIN,0001000209
MG,0001436126
MGEE,0001161728
MGNI,0001595974
MGPI,0000835011
MGRC,0000752714
MGTX,0001735438
MGY,0001698990
MH,0001951070
MHO,0000799292
MIAX,0001438472
MIR,0001809987
MIRM,0001759425
MITK,0000807863
MITT,0001514281
MKTW,0001805651
MLAB,0000724004
MLKN,0000066382
MLP,0000063330
MLR,0000924822
MLYS,0001933414
MMI,0001578732
MMS,0001032220
MMSI,0000856982
MNKD,0000899460
MNPR,0001645469
MNRO,0000876427
MNSB,0001693577
MNTK,0001826600
MOD,0000067347
MOGA,0001410764
MOV,0000072573
MPAA,0000918251
MPB,0000879635
MPLT,0001770069
MPTI,0001902314
MPX,0001129155
MQ,0001522540
MRBK,0001750735
MRCY,0001049521
MRDN,0001437925
MRTN,0000799167
MRVI,0001823239
MRX,0001997464
MSBI,0001466026
MSEX,0000066004
MSGE,0001952073
MTH,0000833079
MTRN,0001104657
MTRX,0000866273
MTUS,0001598428
MTW,0000061986
MTX,0000891014
MUR,0000717423
MVBF,0001277902
MVIS,0000065770
MVST,0001760689
MWA,0001350593
MXCT,0001287098
MXL,0001288469
MYE,0000069488
MYFW,0001327607
MYGN,0000899923
MYO,0001369290
MYPS,0001823878
MYRG,0000700923
MZTI,0000057515
NABL,0001834488
NAGE,0001386570
NAT,0001000177
NATH,0000069733
NATL,0001974138
NATR,0000275053
NAVI,0001593538
NAVN,0001639723
NB,0001512228
NBBK,0001979330
NBHC,0001475841
NBN,0001096687
NBR,0001163739
NBTB,0000790359
NC,0000789933
NCMI,0001377630
NE,0001895262
NECB,0001847398
NEO,0001077183
NEOG,0000711377
NEON,0000087050
NESR,0001698514
NEWT,0001587987
NEXN,0001849396
NEXT,0001612720
NFBK,0001493225
NFE,0001749723
NG,0001173420
NGNE,0001404644
NGS,0001084991
NGVC,0001547459
NGVT,0001653477
NHC,0001047335
NHI,0000877860
NIC,0001174850
NJR,0000356309
NKSH,0000796534
NKTX,0001787400
NL,0000072162
NLOP,0001952976
NMAX,0002026478
NMIH,0001547903
NMRK,0001690680
NN,0001865631
NNE,0001923891
NNI,0001258602
NNOX,0001795251
NODK,0001681206
NOG,0001104485
NOVT,0001076930
NPB,0001336706
NPCE,0001528287
NPK,0000080172
NPKI,0000071829
NPO,0001164863
NPWR,0001845437
NRC,0000070487
NRDS,0001625278
NRDY,0001819404
NREF,0001786248
NRIM,0001163370
NRIX,0001549595
NSIT,0000932696
NSP,0001000753
NSSC,0000069633
NTB,0001653242
NTCT,0001078075
NTGR,0001122904
NTLA,0001652130
NTST,0001798100
NUS,0001021561
NUTX,0001479681
NUVB,0001811063
NUVL,0001861560
NVAX,0001000694
NVCR,0001645113
NVCT,0001875558
NVEC,0000724910
NVGS,0001581804
NVRI,0000045876
NVTS,0001821769
NWBI,0001471265
NWE,0001993004
NWFL,0001013272
NWN,0001733998
NWPX,0001001385
NX,0001423221
NXDR,0001846069
NXDT,0001356115
NXRT,0001620393
NXT,0001852131
NXXT,0001817004
OABI,0001846253
OBK,0001516912
OBT,0001754226
OCFC,0001004702
OCUL,0001393434
ODC,0000074046
OEC,0001609804
OFG,0001030469
OFIX,0000884624
OFLX,0001317945
OGS,0001587732
OI,0000812074
OII,0000073756
OIS,0001121484
OKLO,0001849056
OLMA,0001750284
OLP,0000712770
OLPX,0001868726
OM,0001484612
OMCL,0000926326
OMDA,0001611115
OMER,0001285819
ONB,0000707179
ONEW,0001772921
ONIT,0000873860
ONT,0001643615
OOMA,0001327688
OPAL,0001842279
OPBK,0001722010
OPCH,0001014739
OPFI,0001818502
OPK,0000944809
OPLN,0001395942
OPRT,0001538716
OPRX,0001448431
OPTU,0001702780
ORA,0001296445
ORC,0001518621
ORGO,0001661181
ORIC,0001796280
ORKA,0000907654
ORN,0001402829
ORRF,0000826154
OSBC,0000357173
OSCR,0001568651
OSG,0000874501
OSIS,0001039065
OSPN,0001044777
OSUR,0001116463
OSW,0001758488
OTTR,0001466593
OUST,0001816581
OUT,0001579877
OVBC,0000894671
OVLY,0001431567
OXM,0000075288
PACB,0001299130
PACK,0001712463
PACS,0002001184
PAGS,0001712807
PAHC,0001069899
PAL,0001998768
PAMT,0000798287
PANL,0001606909
PAR,0000708821
PARR,0000821483
PATK,0000076605
PAX,0001825570
PAYO,0001845815
PAYS,0001496443
PBF,0001534504
PBFS,0001769663
PBH,0001295947
PBI,0000078814
PBYI,0001401667
PCB,0001423869
PCRX,0001396814
PCT,0001830033
PCVX,0001649094
PCYO,0000276720
PD,0001568100
PDEX,0000788920
PDFS,0001120914
PDLB,0001874071
PDLI,
PDM,0001042776
PDYN,0001826681
PEB,0001474098
PEBK,0001093672
PEBO,0000318300
PECO,0001476204
PENG,0001616533
PESI,0000891532
PFBC,0001492165
PFIS,0001056943
PFS,0001178970
PFSI,0001745916
PGC,0001050743
PGEN,0001356090
PGNY,0001551306
PGY,0001883085
PHAT,0001783183
PHIN,0001968915
PHR,0001412408
PI,0001114995
PII,0000931015
PINE,0001786117
PIPR,0001230245
PJT,0001626115
PKBK,0001315399
PKE,0000076267
PKOH,0000076282
PKST,0001600626
PL,0001836833
PLAB,0000810136
PLAY,0001525769
PLBC,0001168455
PLMR,0001761312
PLOW,0001287213
PLPC,0000080035
PLSE,0001625101
PLTK,0001828016
PLUG,0001093691
PLUS,0001022408
PLX,0001006281
PLXS,0000785786
PMT,0001464423
PMTS,0001641614
PNBK,0001098146
PNRG,0000056868
PNTG,0001766400
POR,0000784977
POWI,0000833640
POWL,0000080420
POWW,0001015383
PPHC,0001903508
PPTA,0001526243
PRA,0001127703
PRAA,0001185348
PRAX,0001689548
PRCH,0001784535
PRCT,0001588978
PRDO,0001046568
PRG,0001808834
PRGS,0000876167
PRIM,0001361538
PRK,0000805676
PRKS,0001564902
PRLB,0001443669
PRM,0001880319
PRME,0001894562
PROP,0001162896
PRSU,0000884219
PRTA,0001559053
PRTH,0001653558
PRVA,0001759655
PSFE,0001833835
PSIX,0001137091
PSMT,0001041803
PSNL,0001527753
PSTL,0001759774
PTCT,0001070081
PTEN,0000889900
PTGX,0001377121
PTLO,0001871509
PTON,0001639825
PUBM,0001422930
PUMP,0001680247
PVLA,0001583648
PWP,0001777835
PXED,0001600222
PZZA,0000901491
QBTS,0001907982
QCRH,0000906465
QDEL,0001906324
QLYS,0001107843
QNST,0001117297
QSI,0001816431
QTRX,0001503274
QTWO,0001410384
QUAD,0001481792
QUBT,0001758009
RAMP,0000733269
RAPP,0002012593
RBB,0001499422
RBBN,0001708055
RBCAA,0000921557
RBKB,0001751783
RC,0001527590
RCAT,0000748268
RCEL,0001762303
RCKT,0001281895
RCKY,0000895456
RCMT,0000700841
RCUS,0001724521
RDN,0000890926
RDNT,0000790526
RDVT,0001720116
RDW,0001819810
REAL,0001573221
REAX,0001862461
REFI,0001867949
RELL,0000355948
RELY,0001782170
REPL,0001737953
REPX,0001001614
RES,0000742278
REX,0000744187
REZI,0001740332
RGCO,0001069533
RGNX,0001590877
RGP,0001084765
RGR,0000095029
RGTI,0001838359
RHLD,0002039497
RHP,0001040829
RICK,0000935419
RIG,0001451505
RIGL,0001034842
RIOT,0001167419
RLAY,0001812364
RLGT,0001171155
RLJ,0001511337
RM,0001519401
RMAX,0001581091
RMBI,0001767837
RMBS,0000917273
RMNI,0001635282
RMR,0001644378
RNA,0002093101
RNAC,0001453687
RNGR,0001699039
RNST,0000715072
ROAD,0001718227
ROCK,0000912562
ROG,0000084748
ROOT,0001788882
RPAY,0001720592
RPC,0001841968
RPD,0001560327
RPT,0001614806
RR,0001963685
RRBI,0001071236
RRR,0001653653
RSI,0001793659
RSVR,0001824403
RUM,0001830081
RUN,0001469367
RUSHA,0001012019
RUSHB,0001012019
RVLV,0001746618
RVSB,0001041368
RWT,0000930236
RXO,0001929561
RXRX,0001601830
RXST,0001111485
RXT,0001810019
RYAM,0001597672
RYTM,0001649904
RYZ,0001481582
RZLT,0001509261
RZLV,0001920294
SABR,0001597033
SAFE,0001095651
SAFT,0001172052
SAFX,0002019793
SAH,0001043509
SAMG,0001549966
SANA,0001770121
SANM,0000897723
SATL,0001874315
SATS,0001415404
SB,0001434754
SBC,0001930313
SBCF,0000730708
SBFG,0000767405
SBGI,0001971213
SBH,0001368458
SBRA,0001492298
SBSI,0000705432
SBT,0001423672
SCHL,0000866729
SCL,0000094049
SCSC,0000918965
SCVL,0000895447
SD,0001349436
SDGR,0001490978
SDRL,0001737706
SEAT,0001856031
SEG,0002009684
SEI,0001697500
SEM,0001320414
SENEA,0000088948
SEPN,0001984086
SERV,0001832483
SEVN,0001452477
SEZL,0001662991
SFBC,0001541119
SFBS,0001430723
SFIX,0001576942
SFL,0001289877
SFNC,0000090498
SFST,0001090009
SG,0001477815
SGC,0000095574
SGHC,0001878057
SGHT,0001531177
SGRY,0001638833
SHAK,0001620533
SHBI,0001035092
SHEN,0000354963
SHLS,0001831651
SHO,0001295810
SHOO,0000913241
SI,0001699350
SIBN,0001459839
SIEB,0000065596
SIG,0000832988
SIGA,0001010086
SIGI,0000230557
SILA,0001567925
SION,0002036042
SITC,0000894315
SITM,0001451809
SKIL,0001774675
SKIN,0001818093
SKT,0000899715
SKWD,0001519449
SKY,0000090896
SKYH,0001823587
SKYT,0001819974
SKYW,0000793733
SKYX,0001598981
SLAB,0001038074
SLDB,0001707502
SLDE,0001886428
SLDP,0001844862
SLG,0001040971
SLND,0001883814
SLNO,0001484565
SLP,0001023459
SLQT,0001794783
SLS,0001390478
SLSN,0000883107
SLVM,0001856485
SM,0000893538
SMA,0001585389
SMBC,0000916907
SMBK,0001038773
SMC,0002024218
SMHI,0001690334
SMID,0000924719
SMP,0000093389
SMPL,0001702744
SMR,0001822966
SMTC,0000088941
SMTI,0000714256
SNBR,0000827187
SNCY,0001743907
SNDA,0001043000
SNDX,0001395937
SNEX,0000913760
SNFCA,0000318673
SNWV,0001417663
SOC,0001831481
SONO,0001314727
SOUN,0001840856
SPB,0000109177
SPFI,0001163668
SPHR,0001795250
SPIR,0001816017
SPNT,0001576018
SPOK,0001289945
SPRY,0001671858
SPSC,0001092699
SPT,0001517375
SPWR,0001838987
SPXC,0000088205
SR,0001126956
SRBK,0001951276
SRCE,0000034782
SRRK,0001727196
SRTA,0001779128
SSP,0000832428
SSRM,0000921638
SSTI,0001351636
SSTK,0001549346
STAA,0000718937
STBA,0000719220
STC,0000094344
STEL,0001473844
STEP,0001796022
STGW,0000876883
STIM,0001227636
STNE,0001745431
STNG,0001483934
STOK,0001623526
STRA,0001013934
STRL,0000874238
STRS,0000885508
STRT,0000933034
STRW,0001782430
STRZ,0000929351
STXS,0001289340
SUNS,0002012706
SUPN,0001356576
SVC,0000945394
SVCO,0001943289
SVRA,0001160308
SVV,0001883313
SWBI,0001092796
SWIM,0001833197
SWX,0001692115
SXC,0001514705
SXI,0000310354
SXT,0000310142
SYBT,0000835324
SYNA,0000817720
SYRE,0001636282
TALK,0001803901
TALO,0001724965
TARA,0001359931
TARS,0001819790
TBBK,0001295401
TBCH,0001493761
TBI,0000768899
TBPH,0001583107
TBRG,0001169445
TCBI,0001077428
TCBK,0000356171
TCBX,0001781730
TCI,0000733590
TCMD,0001027838
TCX,0000909494
TDAY,0001579684
TDOC,0001477449
TDS,0001051512
TDUP,0001484778
TDW,0000098222
TE,0001992243
TEAD,0001454938
TECX,0001681087
TENB,0001660280
TERN,0001831363
TEX,0000097216
TFIN,0001539638
TG,0000850429
TGLS,0001534675
TGTX,0001001316
TH,0001712189
THFF,0000714562
THR,0001489096
THRD,
THRM,0000903129
THRY,0001556739
TIC,0002032966
TILE,0000715787
TIPT,0001393726
TITN,0001409171
TK,0000911971
TKNO,0001850902
TLS,0000320121
TLSI,0001826667
TMCI,0001630627
TMDX,0001756262
TMHC,0001562476
TMP,0001005817
TNC,0000097134
TNDM,0001438133
TNET,0000937098
TNGX,0001819133
TNK,0001419945
TNXP,0001430306
TOI,0001799191
TOWN,0001434111
TPB,0001290677
TPC,0000077543
TPH,0001561680
TR,0000098677
TRAK,0000050471
TRAX,0002091349
TRC,0000096869
TRDA,0001689375
TREE,0001434621
TRIP,0001526520
TRMK,0000036146
TRN,0000099780
TRNO,0001476150
TRNS,0000099302
TROX,0001530804
TRS,0000842633
TRST,0000357301
TRTX,0001630472
TRUP,0001371285
TRVI,0001563880
TSBK,0001046050
TSEOF,0001519061
TSHA,0001806310
TSSI,0001320760
TTAM,0002035304
TTEC,0001013880
TTGT,0002018064
TTI,0000844965
TTMI,0001116942
TUSK,0001679268
TVGN,0001860871
TVRD,0001346830
TVTX,0001438533
TWI,0000899751
TWO,0001465740
TWST,0001581280
TXG,0001770787
TXNM,0001108426
TYRA,0001863127
TZOO,0001133311
UAMY,0000101538
UBSI,0000729986
UCB,0000857855
UCTT,0001275014
UDMY,0001607939
UE,0001611547
UEC,0001334933
UFCS,0000101199
UFPI,0000912767
UFPT,0000914156
UHT,0000798783
UIS,0000746838
ULCC,0001670076
ULH,0001308208
UMBF,0000101382
UMH,0000752642
UNB,0000706863
UNF,0000717954
UNFI,0001020859
UNIT,0002020795
UNTY,0000920427
UPB,0002022626
UPBD,0000933036
UPST,0001647639
UPWK,0001627475
URBN,0000912615
URGN,0001668243
USAR,0001970622
USAU,0000027093
USCB,0001901637
USGO,0001947244
USLM,0000082020
USNA,0000896264
USPH,0000885978
UTI,0001261654
UTL,0000755001
UTMD,0000706698
UTZ,0001739566
UUUU,0001385849
UVE,0000891166
UVSP,0000102212
UVV,0000102037
VABK,0001572334
VAC,0001524358
VAL,0000314808
VALU,0000717720
VC,0001111335
VCEL,0000887359
VCTR,0001570827
VCYT,0001384101
VECO,0000103145
VEL,0001692376
VERA,0001831828
VERX,0001806837
VGAS,0001841425
VHI,0000059255
VIA,0001603015
VIAV,0000912093
VICR,0000751978
VIR,0001706431
VIRC,0000751365
VISN,0001517228
VITL,0001579733
VLGEA,0000103595
VLY,0000714310
VMD,0001729149
VNDA,0001347178
VOXR,0001907909
VOYG,0001788060
VPG,0001487952
VRDN,0001590750
VRE,0000924901
VREX,0001681622
VRM,0001580864
VRNS,0001361113
VRRM,0001682745
VRTS,0000883237
VSAT,0000797721
VSCO,0001856437
VSEC,0000102752
VSH,0000103730
VSTM,0001526119
VSTS,0001967649
VTEX,0001793663
VTOL,0001525221
VTS,0001944558
VUZI,0001463972
VVX,0001601548
VYGR,0001640266
VYX,0000070866
WABC,0000311094
WAFD,0000936528
WALD,0001840199
WASH,0000737468
WAY,0001990354
WBTN,0001997859
WD,0001497770
WDFC,0000105132
WEAV,0001609151
WERN,0000793074
WEST,0001806347
WEYS,0000106532
WGO,0000107687
WGS,0001818331
WHD,0001699136
WHG,0001165002
WINA,0000908315
WK,0001445305
WKC,0000789460
WLDN,0001370450
WLFC,0001018164
WLTH,0001524566
WLY,0000107140
WMK,0000105418
WNC,0000879526
WNEB,0001157647
WOOF,0001826470
WOR,0000108516
WRBY,0001504776
WRLD,0000108385
WS,0001968487
WSBC,0000203596
WSBF,0001569994
WSFS,0000828944
WSR,0001175535
WT,0000880631
WTBA,0001166928
WTI,0001288403
WTS,0000795403
WTTR,0001693256
WULF,0001083301
WVE,0001631574
WWW,0000110471
WYFI,0002042022
XENE,0001582313
XERS,0001867096
XHR,0001616000
XMTR,0001657573
XNCR,0001326732
XOMA,0000791908
XPEL,0001767258
XPER,0001788999
XPOF,0001802156
XPRO,0001575828
XRN,0001533615
XRX,0001770450
XZO,0001873951
YELP,0001345016
YEXT,0001614178
YORW,0000108985
YOU,0001856314
YSS,0002086587
ZBIO,0001953926
ZD,0001084048
ZETA,0001851003
ZGN,0001877787
ZIP,0001617553
ZUMZ,0001318008
ZVIA,0001854139
ZVRA,0001434647
ZWS,0001439288
ZYME,0001937653
